Fileme,X,Rep,SB,GC,Day,Entry,Plant,Rep_SB_Day_Entry_Plant,Name,Country,Region,MG,Diversity,Stem,Cluster,Seed_weight,Shoot_weight,Root_weight,TRL,PRL,SRL,MSL,SRL_LRB,SL_PL,MED,MAX,LED,PER,DIA,VOL,PRA,TRLUpper,TRLLower,CVA,DEP,WID,WDR,NWA,RHZO,LRB,NLR,IRB,Area,TRAUpper,TRALower,SOL,BSH,CM,CMT,CMM,CMB,CP,CPT,CPM,CPB,Median_angle,Mean_angle
KGF_Rep1_SB1_Day6_132_2,Rep1_SB1_132_2,1,1,1,6,132,2,1_1_6_132_2,PI430596,China,Fujian,2,Landrace,S,6,,,,50.11968637,18.05546619,32.06422018,1.068807339,1.789988799,1.661546685,1,6,0.865263935,77.28689908,0.104931193,75.05546723,9.339105373,21.50458716,24.85321101,33.20208737,16.62385321,3.706422018,0.222958057,0.447521252,784.9357798,28,42,42,4.468489605,2.141907247,2.043262352,0.0135,6,0.274898702,0.243354341,0.386262674,0.999520843,0.378693499,0.201463606,0.420333155,0.999520843,,
KGF_Rep2_SB3_Day6_132_1,Rep2_SB3_132_1,2,3,1,6,132,1,2_3_6_132_1,PI430596,China,Fujian,2,Landrace,S,6,,,,43.68167317,19.56516832,24.11650485,0.33036308,1.149517715,3.731120469,1,4,0.547488082,76.03974757,0.138324492,33.55750426,7.775656508,14.49514563,26.47572816,20.89810538,17.86407767,2.368932039,0.132608696,0.407672731,697.2584951,38,74,74,2.955391649,1.119144123,1.72108587,0.0195,4,0.383403629,0.264186453,0.478205197,0.881308853,0.431922173,0.23184605,0.493264076,0.93657319,90,119.1666667
KGF_Rep2_SB3_Day6_132_2,Rep2_SB3_132_2,2,3,1,6,132,2,2_3_6_132_2,PI430596,China,Fujian,2,Landrace,S,6,,,,103.9062273,18.78972245,85.11650485,1.493272015,2.078124546,3.033573282,,14,1.010224145,172.1983301,0.154223011,50.38171161,8.669362478,49.88349515,49.37864078,89.21957772,15.2038835,10.2038835,0.671136654,0.977189179,1795.385922,50,68,67,7.213344802,3.595060797,3.343858988,0.011,7,0.346865123,0.23746403,0.434594633,0.722747802,0.480462754,0.216793893,0.500615612,0.783216783,90,88.625
KGF_Rep3_SB6_Day6_132_1,Rep3_SB6_132_1,3,6,2,6,132,1,3_6_6_132_1,PI430596,China,Fujian,2,Landrace,S,6,,,,48.73075252,19.95075252,28.78,0.822285714,1.433257427,1.754319792,1,4,1.193285372,83.80762,0.104460405,46.40532902,8.909870925,24.88,20.85,52.5698,18.55,5.54,0.298652291,0.4732,840.25875,34,38,40,3.8707375,2.0745,1.6156,0.009,4,0.299304523,0.258056472,0.415470735,0.999835228,0.387924582,0.220535273,0.446861097,0.999752842,86,59.79166667
KGF_Rep3_SB6_Day6_132_2,Rep3_SB6_132_2,3,6,2,6,132,2,3_6_6_132_2,PI430596,China,Fujian,2,Landrace,S,6,,,,43.43631601,18.81631601,24.62,0.647894737,1.277538706,2.019523906,1,4,1.447904192,79.50394,0.097163904,47.63282781,8.28752142,24.18,16.7,39.04185,17.36,4.25,0.244815668,0.4198,739.95875,34,37,40,3.4461375,2.0101,1.3056,0.0108,4,0.25448982,0.223320869,0.396578463,0.999190939,0.340614887,0.21906303,0.422941388,0.999460626,88,57.75
KGF_Rep4_SB7_Day6_132_1,Rep4_SB7_132_1,4,7,1,6,132,1,4_7_6_132_1,PI430596,China,Fujian,2,Landrace,S,6,,,,68.94918137,24.21841214,44.73076923,0.813286713,1.436441278,2.270999423,1,5,2.252670692,119.4252115,0.11628884,77.45096228,12.14026887,46.63461538,20.70192308,64.0402182,22.70192308,5.586538462,0.246082169,0.648206361,1129.763221,48,59,61,5.385008321,3.55362426,1.785133136,0.0101,5,0.226944677,0.200981354,0.409708752,1,0.340343774,0.231288515,0.425228352,1,90,88.625
KGF_Rep4_SB7_Day6_132_2,Rep4_SB7_132_2,4,7,1,6,132,2,4_7_6_132_2,PI430596,China,Fujian,2,Landrace,S,6,,,,58.54743381,22.18204919,36.36538462,1.010149573,1.721983347,1.622933918,1,4,2.275729224,107.06275,0.109416733,79.10003702,11.42283786,39.75961538,17.47115385,52.01691938,20.91346154,4.826923077,0.230804598,0.550295858,987.9711538,34,39,38,4.862379808,3.238720414,1.582932692,0.0106,4,0.223665139,0.201638859,0.385110638,0.999084249,0.320245726,0.217112598,0.412462537,0.999084249,90,53.54166667
KGF_Rep5_SB9_Day6_132_1,Rep5_SB9_132_1,5,9,1,6,132,1,5_9_6_132_1,PI430596,China,Fujian,2,Landrace,S,6,,,,40.54156676,19.17618215,21.36538462,0.928929766,1.559291029,1.199404544,1,3,1.447139303,71.32834615,0.19412751,82.94141537,11.03042924,22.375,15.46153846,31.08829512,18.05769231,3.365384615,0.186368477,0.379345414,658.0997596,26,27,26,4.514469305,2.573502219,1.733820266,0.0122,3,0.261464984,0.251572195,0.362301504,1,0.354698867,0.246632745,0.368981031,1,68,31.75
KGF_Rep5_SB9_Day6_132_2,Rep5_SB9_132_2,5,9,1,6,132,2,5_9_6_132_2,PI430596,China,Fujian,2,Landrace,S,6,,,,32.61525904,19.17295135,13.44230769,0.517011834,2.03845369,1.356077086,1,1,1.430340557,58.15275962,0.186050891,66.60635349,10.32984478,17.76923077,12.42307692,24.1788554,17.64423077,3.730769231,0.211444142,0.299186391,541.3834135,16,25,26,3.755246857,2.137019231,1.504622781,0.0124,1,0.228337083,0.220611054,0.355317014,0.83699508,0.333082469,0.239907312,0.357191898,0.930140748,90,37.125
KGF_Rep6_SB12_Day6_132_1,Rep6_SB12_132_1,6,12,2,6,132,1,6_12_6_132_1,PI430596,China,Fujian,2,Landrace,S,6,,,,115.4962359,,84.32,1.171111111,1.649946227,2.309451346,1,8,1.997840173,187.9361,0.239303797,,,74,37.04,133.2152,28.4,8.88,0.312676056,1.1276,1831.25625,70,92,90,10.8901125,6.8785,3.7892,0.0085,8,0.240726783,0.187444801,0.422039593,0.919480181,0.419529972,0.224190094,0.466320567,0.913710397,90,117.2083333
KGF_Rep6_SB12_Day6_132_2,Rep6_SB12_132_2,6,12,2,6,132,2,6_12_6_132_2,PI430596,China,Fujian,2,Landrace,S,6,,,,137.2511392,,105.26,,1.854745125,1.656708741,1,10,2.944805195,217.94722,0.242371274,,,99.77,33.88,118.29265,29.51,7.97,0.27007794,1.3478,2218.87125,74,71,71,12.9425875,9.1578,3.567,0.0114,10,0.20454546,0.177826939,0.439094638,1,0.360766249,0.20122333,0.486982553,1,90,95.29166667
KGF_Rep7_SB14_Day6_132_1,Rep7_SB14_132_1,7,14,2,6,132,1,7_14_6_132_1,PI430596,China,Fujian,2,Landrace,S,6,,,,81.85205181,21.89699563,59.95505618,0.832709114,1.364200864,3.288122316,1,8,1.07989308,143.8475506,0.152036323,50.03247076,9.708358159,40.85393258,37.83146067,40.43757101,20.28089888,3.617977528,0.178393352,0.902032572,1305.994382,60,81,83,4.679727938,2.330387577,2.159449564,0.0223,8,0.307112069,0.218947408,0.445481724,0.707282004,0.396010488,0.221882086,0.484753204,0.83877551,78,113.7916667
KGF_Rep7_SB14_Day6_132_2,Rep7_SB14_132_2,7,14,2,6,132,2,7_14_6_132_2,PI430596,China,Fujian,2,Landrace,S,6,,,,100.2529646,21.36532418,78.88764045,1.232619382,1.518984313,2.995508023,,10,1.732052897,179.9459213,0.153316419,46.88195425,9.395031786,61.80898876,35.68539326,47.80362328,19.52808989,4.775280899,0.244533947,1.10554223,1634.515449,66,74,78,5.502367125,3.197449817,2.128519126,0.0231,5,0.256243305,0.183825772,0.443036899,0.761239308,0.391043832,0.204534403,0.495092676,0.890408461,64,100.1666667
KGF_Rep1_SB1_Day6_159_1,Rep1_SB1_159_1,1,1,1,6,159,1,1_1_6_159_1,PI438139,China,Northeast Chi,2,Landrace,N,2,,,,45.24111296,18.47964507,26.76146789,1.338073394,2.056414225,1.082271869,1,4,0.932387312,77.88499083,0.122207301,81.25780564,10.87671679,20.49541284,21.98165138,49.63908762,17.48623853,5.605504587,0.320566632,0.406110597,739.3142202,22,22,25,5.339186516,2.520494908,2.566871475,0.0082,4,0.297269812,0.285694847,0.360104476,0.999055267,0.366934341,0.251470778,0.367771105,0.999055267,,
KGF_Rep1_SB1_Day6_159_2,Rep1_SB1_159_2,1,1,1,6,159,2,1_1_6_159_2,PI438139,China,Northeast Chi,2,Landrace,N,2,,,,41.02173172,18.50797026,22.51376147,0.776336602,1.709238822,1.566892512,1,3,1.533376123,61.73788073,0.110278913,66.98690749,9.815064196,21.91743119,14.29357798,33.8556098,16.11009174,6.119266055,0.379840547,0.354431445,617.9162844,24,33,34,4.493256039,2.373369245,1.783856578,0.0105,3,0.250676534,0.236707488,0.392981032,0.814388372,0.366926287,0.248897599,0.405438511,0.868038543,,
KGF_Rep2_SB4_Day6_159_1,Rep2_SB4_159_1,2,4,2,6,159,1,2_4_6_159_1,PI438139,China,Northeast Chi,2,Landrace,N,2,,,,82.99435338,21.06231454,61.93203883,1.821530554,2.184061931,1.614257537,1,9,3.842931937,130.9663398,0.165780286,63.32305081,10.26458914,64.13592233,16.68932039,78.98284475,19.67961165,7.854368932,0.399111988,0.7926289,1410.774272,38,45,44,6.50812989,4.699877463,1.664058818,0.01,9,0.163873028,0.153204782,0.389845429,1,0.305915587,0.200490633,0.399414851,1,90,66.54166667
KGF_Rep2_SB4_Day6_159_2,Rep2_SB4_159_2,2,4,2,6,159,2,2_4_6_159_2,PI438139,China,Northeast Chi,2,Landrace,N,2,,,,83.00953291,22.04836786,60.96116505,1.847308032,2.075238323,1.496709426,1,9,3.421303657,131.2273786,0.173831088,79.53620374,11.05998153,62.67961165,18.32038835,89.30082948,20.24271845,8.155339806,0.402877698,0.788481478,1436.417476,40,44,44,6.895748892,5.102365916,1.709114902,0.0088,9,0.184199909,0.17231829,0.382510534,0.999528524,0.315774435,0.214233328,0.397487708,0.999528524,90,59.125
KGF_Rep3_SB6_Day6_159_1,Rep3_SB6_159_1,3,6,2,6,159,1,3_6_6_159_1,PI438139,China,Northeast Chi,2,Landrace,N,2,,,,131.1286623,27.17866233,103.95,2.121428571,2.185477705,1.802884903,1,13,3.358509911,216.79824,0.241395948,,,98.27,29.26,222.41155,23.19,15.57,0.671410091,1.2838,2365.6275,60,59,59,13.552425,10.0228,3.312,0.0058,13,0.270025952,0.251308668,0.451559114,0.891350585,0.477102007,0.228409478,0.474152192,0.9063689,90,79.16666667
KGF_Rep3_SB6_Day6_159_2,Rep3_SB6_159_2,3,6,2,6,159,2,3_6_6_159_2,PI438139,China,Northeast Chi,2,Landrace,N,2,,,,90.45959595,24.65959595,65.8,2.268965517,2.512766554,1.176012781,1,8.02,2.72172043,137.31781,0.173160221,110.6672351,14.76956954,63.28,23.25,176.31835,22.27,15.41,0.691962281,0.8815,1551.7425,36,40,40,9.1150125,6.2754,2.5515,0.005,8.02,0.23292545,0.212540188,0.395962443,0.99958368,0.35069913,0.203708448,0.434832084,0.99958368,90,48.95833333
KGF_Rep4_SB8_Day6_159_1,Rep4_SB8_159_1,4,8,2,6,159,1,4_8_6_159_1,PI438139,China,Northeast Chi,2,Landrace,N,2,,,,154.4327236,25.29113064,129.1415929,2.935036203,2.413011306,1.739740332,1,18,6.073584126,257.7394159,0.140397103,104.4814519,13.48973166,130.0176991,21.40707965,235.6944945,22.24778761,20,0.898965792,1.34004229,2711.19469,64,64,63,12.59422234,10.33064453,2.144725507,0.0057,18,0.14465249,0.130590174,0.407476854,0.999602702,0.336755517,0.190450392,0.458463401,0.999602702,90,77.54166667
KGF_Rep4_SB8_Day6_159_2,Rep4_SB8_159_2,4,8,2,6,159,2,4_8_6_159_2,PI438139,China,Northeast Chi,2,Landrace,N,2,,,,130.2830888,26.778664,103.5044248,2.029498525,2.605661776,1.904501285,1,12,4.448003014,221.0562035,0.160685021,140.7524049,15.43904943,104.4690265,23.48672566,201.7091393,24.71681416,15.31858407,0.619763695,1.135249432,2328.757743,50,62,62,10.42983985,7.93977602,2.363928264,0.0056,12,0.178695557,0.161547426,0.408445078,0.767323944,0.336309031,0.189210262,0.441160119,0.867957746,90,90.79166667
KGF_Rep5_SB9_Day6_159_1,Rep5_SB9_159_1,5,9,1,6,159,1,5_9_6_159_1,PI438139,China,Northeast Chi,2,Landrace,N,2,,,,39.83452866,16.33452866,23.5,1.305555556,2.845323476,1.101960171,1,5,1.323049002,72.20363462,0.239930249,111.8321009,11.34993293,21.02884615,15.89423077,42.17871672,14.97115385,5.115384615,0.341682723,0.370747041,704.5396635,14,18,19,5.558085244,3.171412722,2.125832101,0.0088,5,0.285608549,0.260969157,0.34855948,0.980872532,0.435669119,0.222343206,0.35181959,0.988095238,90,28.29166667
KGF_Rep5_SB9_Day6_159_2,Rep5_SB9_159_2,5,9,1,6,159,2,5_9_6_159_2,PI438139,China,Northeast Chi,2,Landrace,N,2,,,,43.3144973,19.27603576,24.03846154,1.045150502,2.165724865,1.193191395,1,2,2.146816479,71.70413462,0.230422547,134.2419446,13.12753528,27.55769231,12.83653846,52.85808062,17.95192308,5.538461538,0.308516336,0.405510355,704.5805288,20,25,26,5.658180011,3.488443047,1.888868343,0.0077,2,0.193027902,0.190042752,0.336097561,0.995691057,0.338197243,0.234428755,0.336097561,0.996097561,90,37.375
KGF_Rep6_SB11_Day6_159_1,Rep6_SB11_159_1,6,11,1,6,159,1,6_11_6_159_1,PI438139,China,Northeast Chi,2,Landrace,N,2,,,,35.43989511,18.32382369,17.11607143,0.713169643,1.771994756,1.309770297,1,2,1.954620462,63.82439286,0.14528268,36.27908391,7.290478487,21.15178571,10.82142857,33.73238202,15.91071429,7.285714286,0.457912458,0.295440051,610.53125,20,25,26,3.011928013,1.632573342,1.235331633,0.0088,2,0.144076083,0.143629631,0,0.999478895,0.233954316,0.200670639,0,0.999478895,2,0
KGF_Rep6_SB11_Day6_159_2,Rep6_SB11_159_2,6,11,1,6,159,2,6_11_6_159_2,PI438139,China,Northeast Chi,2,Landrace,N,2,,,,35.68110183,18.88645897,16.79464286,0.671785714,1.274325065,1.323699696,1,2,1.621659634,64.95089286,0.130447396,31.4233773,7.094880284,20.58928571,12.69642857,29.90676818,17.28571429,4.803571429,0.277892562,0.304528061,630.9274554,28,29,28,2.730717873,1.456792092,1.177774235,0.0102,2,0.150686861,0.140715516,0.356345737,0.999508358,0.245840708,0.164891292,0.363077679,0.999508358,90,39.125
KGF_Rep1_SB2_Day6_172_1,Rep1_SB2_172_1,1,2,2,6,172,1,1_2_6_172_1,PI458506,China,Liaoning,2,Landrace,D,4,,,,65.27136148,13.35908077,51.9122807,1.854010025,1.30542723,2.095952594,,11,0.12427062,94.90407018,0.119691406,90.21321656,9.360959827,6.912280702,55.62280702,53.29228224,11.25438596,8.833333333,0.78487919,0.55663281,1070.23136,50,42,42,6.914646814,1.264004309,5.504309018,0.0104,3.67,0.521806657,0.257492435,0.541200714,0.799529458,0.584121274,0.236073998,0.52028777,0.863636364,90,37.70833333
KGF_Rep1_SB2_Day6_172_2,Rep1_SB2_172_2,1,2,2,6,172,2,1_2_6_172_2,PI458506,China,Liaoning,2,Landrace,D,4,,,,63.3870345,16.85194678,46.53508772,,,0.771424226,,8,1.441795231,101.6435,0.111763288,67.51916201,8.740908646,36.07017544,25.01754386,87.04001231,15.6754386,10.19298246,0.650251819,0.546860572,1116.535088,12,23,24,6.496258464,3.643505694,2.675284703,0.0063,2.67,0.504681086,0.179618234,0.51852797,0.998971722,0.385525015,0.21311054,0.436332476,0.998971722,90,19.45833333
KGF_Rep2_SB4_Day6_172_1,Rep2_SB4_172_1,2,4,2,6,172,1,2_4_6_172_1,PI458506,China,Liaoning,2,Landrace,D,4,,,,101.1737731,22.51357892,78.66019417,1.872861766,2.023475462,1.865540799,1,12,3.474747475,144.1628835,0.175982174,98.77294341,11.52963615,76.81553398,22.10679612,75.21755114,20.41747573,6.796116505,0.332857822,0.966160807,1708.106796,50,67,69,6.422989914,4.553398058,1.73032331,0.0128,12,0.21506922,0.19318577,0.402836677,0.999311295,0.384319384,0.183884298,0.444938899,0.999311295,90,67.625
KGF_Rep2_SB4_Day6_172_2,Rep2_SB4_172_2,2,4,2,6,172,2,2_4_6_172_2,PI458506,China,Liaoning,2,Landrace,D,4,,,,77.87044648,22.47238823,55.39805825,1.259046778,1.769782875,1.957958342,1,8,2.010030864,139.9646311,0.154995813,55.88860461,10.14051266,50.58252427,25.16504854,65.23451786,20.52427184,6.194174757,0.30179754,0.740032048,1353.247573,44,52,57,5.303044585,3.220567443,1.969082854,0.0113,8,0.229643111,0.183584178,0.421114837,0.999540652,0.361339625,0.190580954,0.469931863,0.999540652,90,59.75
KGF_Rep3_SB5_Day6_172_1,Rep3_SB5_172_1,3,5,1,6,172,1,3_5_6_172_1,PI458506,China,Liaoning,2,Landrace,D,4,,,,53.96335137,20.09335137,33.87,1.302692308,2.075513514,1.293960352,1,5,1.065173116,83.34639,0.139780942,84.04812782,12.02790163,26.15,24.55,50.3398,18.87,5.11,0.270800212,0.5271,870.795,26,30,32,5.7785875,3.0275,2.4603,0.0105,5,0.275042408,0.253563656,0.368779479,0.999046711,0.376549094,0.230457579,0.3919379,0.999285033,90,40.83333333
KGF_Rep3_SB5_Day6_172_2,Rep3_SB5_172_2,3,5,1,6,172,2,3_5_6_172_2,PI458506,China,Liaoning,2,Landrace,D,4,,,,49.3635238,17.4835238,31.88,1.2752,1.898597069,1.429917692,1,6,1.329094608,78.15486,0.109839357,59.46492969,9.451481498,26.13,19.66,46.1865,16.31,5.45,0.334150828,0.4828,794.8475,26,32,34,4.91165,2.6126,1.9868,0.0105,6,0.253174417,0.232053026,0.382944734,0.998942359,0.391517715,0.221282096,0.41417995,0.998942359,90,35.75
KGF_Rep4_SB7_Day6_172_1,Rep4_SB7_172_1,4,7,1,6,172,1,4_7_6_172_1,PI458506,China,Liaoning,2,Landrace,D,4,,,,69.38357198,23.0566489,46.32692308,1.494416873,2.668598922,1.344514553,1,5,3.589378238,122.0664231,0.121085403,89.59152162,12.64101829,53.28846154,14.84615385,81.76936945,21.78846154,7.038461538,0.323036187,0.655140533,1175.638221,26,34,34,6.857965052,4.952385355,1.849112426,0.008,5,0.129954323,0.127927712,0.35856517,0.999412111,0.257908062,0.188882106,0.361699001,0.999559083,90,44.5
KGF_Rep4_SB7_Day6_172_2,Rep4_SB7_172_2,4,7,1,6,172,2,4_7_6_172_2,PI458506,China,Liaoning,2,Landrace,D,4,,,,75.23231351,23.54000582,51.69230769,1.566433566,2.507743784,1.401868812,1,8,3.147925764,119.8067788,0.128761574,101.0426065,13.44239164,55.45192308,17.61538462,71.31407175,21.34615385,6.278846154,0.294144144,0.702570266,1252.711538,30,44,46,7.286727996,5.303994083,1.917806953,0.0099,8,0.209802342,0.196204542,0.377930209,0.99969997,0.349548591,0.216724797,0.404530453,0.999774977,90,48.08333333
KGF_Rep5_SB10_Day6_172_1,Rep5_SB10_172_1,5,10,2,6,172,1,5_10_6_172_1,PI458506,China,Liaoning,2,Landrace,D,4,,,,88.15492146,24.05876761,64.09615385,1.363747954,1.836560864,1.953549773,1,8,3.413843888,126.5234615,0.145057899,56.23170558,10.18781087,66.86538462,19.58653846,80.30260725,22.28846154,7.067307692,0.317083693,0.831268491,1346.521635,48,76,64,6.443058894,4.503235947,1.868713018,0.0104,8,0.181480906,0.161186437,0.433632745,0.724774096,0.35418574,0.211011749,0.459454702,0.842728055,90,76.83333333
KGF_Rep5_SB10_Day6_172_2,Rep5_SB10_172_2,5,10,2,6,172,2,5_10_6_172_2,PI458506,China,Liaoning,2,Landrace,D,4,,,,87.39782508,26.78244047,60.61538462,1.0273794,1.506859053,2.202935915,1,7,1.776836158,135.3471538,0.169549274,72.77720421,13.08077156,54.43269231,30.63461538,57.59148484,24.49038462,3.826923077,0.156262269,0.818971893,1269.84976,58,92,87,6.826784393,4.021819527,2.727718195,0.0142,7,0.243310899,0.183992821,0.437739916,0.89562829,0.339200686,0.171821263,0.492202933,0.944552529,90,85.45833333
KGF_Rep6_SB11_Day6_172_2,Rep6_SB11_172_2,6,11,1,6,172,2,6_11_6_172_2,PI458506,China,Liaoning,2,Landrace,D,4,,,,20.12344168,14.23058454,5.892857143,,2.012344168,0.913525369,1,1,0.997098646,36.99528571,0.126230291,23.00783347,5.293423336,9.205357143,9.232142857,14.29217156,13.35714286,2.241071429,0.167780749,0.171795281,363.28125,10,12,14,1.816545759,0.944435587,0.795838648,0.012,1,0.207715997,0.204521123,0.335834897,1,0.288112763,0.219057365,0.335834897,1,66,13.91666667
KGF_Rep6_SB11_Day6_172_2_2,Rep6_SB11_172_2,6,11,1,6,172,2,6_11_6_172_2,PI458506,China,Liaoning,2,Landrace,D,4,,,,19.96528421,14.67064136,5.294642857,,1.663773684,1.090613533,1,1,1.109631148,36.15029464,0.154294972,33.15715126,6.344794985,9.669642857,8.714285714,14.70683195,13.07142857,3.616071429,0.276639344,0.164142219,341.8895089,12,15,16,2.103146923,1.150111607,0.93885523,0.0112,1,0.146291199,0.144851425,0,0.998637602,0.213981608,0.161671208,0,0.998637602,66,13.91666667
KGF_Rep7_SB13_Day6_172_1,Rep7_SB13_172_1,7,13,1,6,172,1,7_13_6_172_1,PI458506,China,Liaoning,2,Landrace,D,4,,,,48.26286074,21.58428932,26.67857143,1.159937888,1.508214398,1.065589868,1,3,2.383609416,70.56065476,0.190546177,63.04267282,12.12202403,32.54761905,13.6547619,56.63548753,20.23809524,5.5,0.271764706,0.558673469,762.6830357,32,36,33,6.130792942,4.20776644,1.794217687,0.0099,3,0.174016557,0.171517979,0.333711048,0.999433428,0.280256189,0.205665722,0.333711048,0.999433428,62,31.79166667
KGF_Rep7_SB13_Day6_172_2,Rep7_SB13_172_2,7,13,1,6,172,2,7_13_6_172_2,PI458506,China,Liaoning,2,Landrace,D,4,,,,54.06829949,20.02068044,34.04761905,1.30952381,2.07954998,1.29865716,1,4,3.069094304,84.45607143,0.209578474,81.47526424,12.29032364,39.13095238,12.75,53.01842404,18.5,5.464285714,0.295366795,0.62755102,859.8794643,26,33,31,6.454683957,4.591836735,1.702522676,0.0118,4,0.15506048,0.151665108,0.334152334,0.998894349,0.267104517,0.200539472,0.334152334,0.999078624,60,34.79166667
KGF_Rep1_SB1_Day6_198_1,Rep1_SB1_198_1,1,1,1,6,198,1,1_1_6_198_1,PI479713,China,Jilin,2,Landrace,N,6,,,,47.79826905,20.9909296,26.80733945,1.031051517,1.493695908,1.238630232,1,4,0.507551919,79.8787156,0.120270238,69.85713751,10.70431393,14.79816514,29.1559633,54.94461746,19.1559633,5.394495413,0.281609195,0.423365037,801.6731651,32,33,33,5.172155122,2.040484808,2.870802121,0.0077,4,0.345171287,0.261422203,0.389796976,0.999714734,0.385224318,0.234441116,0.393752674,0.99978605,,
KGF_Rep1_SB1_Day6_198_2,Rep1_SB1_198_2,1,1,1,6,198,2,1_1_6_198_2,PI479713,China,Jilin,2,Landrace,N,6,,,,53.91076425,19.60801196,34.30275229,1.071961009,2.073490933,1.631985949,1,6,0.276392449,92.344,0.131149879,96.03659152,11.67262571,10.88073394,39.36697248,51.77215723,17.42201835,5.963302752,0.342285413,0.474875852,893.2683486,26,37,37,6.300069439,1.932497265,4.154953287,0.0092,6,0.356854537,0.279609998,0.386400352,0.893936477,0.474900746,0.23012512,0.466634585,0.948989413,,
KGF_Rep2_SB3_Day6_198_1,Rep2_SB3_198_1,2,3,1,6,198,1,2_3_6_198_1,PI479713,China,Jilin,2,Landrace,N,6,,,,124.6990207,19.41746732,105.2815534,2.924487594,2.309241124,1.854000803,1,16,2.315485564,210.7471845,0.183854943,79.65731896,10.33506694,85.65048544,36.99029126,120.1997832,17.75728155,12.66019417,0.7129579,1.194834574,2222.018204,54,55,52,9.885180036,6.997172212,2.736921482,0.0099,16,0.261587547,0.211877895,0.382961803,0.854424414,0.379772004,0.169875194,0.434146341,0.926829268,90,62.33333333
KGF_Rep2_SB3_Day6_198_2,Rep2_SB3_198_2,2,3,1,6,198,2,2_3_6_198_2,PI479713,China,Jilin,2,Landrace,N,6,,,,140.6484071,18.61928087,122.0291262,4.358183079,2.511578698,1.503817478,1,20,2.935075653,168.2342136,0.194748958,98.62029085,10.94745394,103.5825243,35.29126214,101.1457253,15.81553398,11.98058252,0.757519951,1.35026864,2292.269417,56,54,54,10.88833773,8.138938637,2.610425111,0.0133,20,0.182709643,0.146977929,0.402396786,0.99880024,0.360613592,0.146697933,0.467793941,0.99880024,70,69.45833333
KGF_Rep3_SB5_Day6_198_1,Rep3_SB5_198_1,3,5,1,6,198,1,3_5_6_198_1,PI479713,China,Jilin,2,Landrace,N,6,,,,79.17957503,23.64957503,55.53,2.524090909,1.979489376,0.930249274,1,6,0.814043584,98.01987,0.180138737,146.3487376,15.50061815,33.62,41.3,89.7702,22.05,8,0.362811791,0.7757,1179.08125,40,35,37,9.369775,4.785,4.2054,0.0086,6,0.312578931,0.297945451,0.382653821,1,0.373719075,0.237872383,0.409141583,1,90,44.16666667
KGF_Rep3_SB5_Day6_198_2,Rep3_SB5_198_2,3,5,1,6,198,2,3_5_6_198_2,PI479713,China,Jilin,2,Landrace,N,6,,,,73.95805266,22.74805266,51.21,2.13375,2.175236843,1.055035363,1,6,1.764169639,101.11209,0.17237678,154.3830466,14.83271555,44.51,25.23,73.49175,20.59,7.1,0.344827586,0.7181,1162.73375,34,33,34,8.4026625,5.4896,2.6048,0.0098,6,0.287362887,0.270486613,0.377470242,1,0.367504022,0.240291795,0.393184145,1,90,44.95833333
KGF_Rep4_SB8_Day6_198_1,Rep4_SB8_198_1,4,8,2,6,198,1,4_8_6_198_1,PI479713,China,Jilin,2,Landrace,N,6,,,,137.4267211,19.65680955,117.7699115,2.560215467,2.748534421,2.340155958,1,19,2.792471521,204.1989381,0.158792711,223.0372708,15.2572312,99.78761062,35.73451327,122.7858877,17.73451327,13.50442478,0.761477046,1.199310831,2383.710177,50,65,61,11.29569661,8.593155298,2.59386013,0.0098,19,0.246185549,0.201498082,0.436126136,0.712189961,0.400515844,0.161515454,0.498634531,0.809571286,90,83.91666667
KGF_Rep4_SB8_Day6_198_2,Rep4_SB8_198_2,4,8,2,6,198,2,4_8_6_198_2,PI479713,China,Jilin,2,Landrace,N,6,,,,160.6502152,22.85375499,137.7964602,1.252695093,,,,18,1.349441891,278.7867699,0.204133804,110.3781812,13.35958032,90.9380531,67.38938053,177.6655572,20.82300885,15.08849558,0.724606885,1.40379043,2855.051991,56,135,121,12.12469653,7.288981126,4.674132665,0.0079,9,0.282680781,0.224213682,0.413067622,0.80971943,0.527763614,0.202909167,0.500797093,0.823859355,90,189.1666667
KGF_Rep5_SB9_Day6_198_1,Rep5_SB9_198_1,5,9,1,6,198,1,5_9_6_198_1,PI479713,China,Jilin,2,Landrace,N,6,,,,44.1084256,20.4161179,23.69230769,0.911242604,1.837851067,1.273503617,1,3,1.607902736,74.41343269,0.206769463,91.70903233,12.41707525,25.43269231,15.81730769,43.13133321,19.15384615,4.375,0.228413655,0.411612426,739.2944712,24,29,31,5.329465607,3.108357988,2.000277367,0.0095,3,0.241962599,0.22287807,0.362496038,0.894742562,0.36077456,0.216095221,0.370069284,0.956735951,90,38.125
KGF_Rep5_SB9_Day6_198_2,Rep5_SB9_198_2,5,9,1,6,198,2,5_9_6_198_2,PI479713,China,Jilin,2,Landrace,N,6,,,,37.91640095,19.72409326,18.19230769,0.909615385,1.723472771,1.01398831,1,2,1.679422383,63.26651923,0.221359068,116.6749055,12.8452102,22.36538462,13.31730769,34.68518861,18.52884615,3.625,0.195640893,0.352533284,591.1538462,22,22,23,4.923053809,2.945543639,1.84079142,0.0102,2,0.210378821,0.204767104,0.365785713,1,0.286679726,0.227656709,0.363695723,1,86,26.25
KGF_Rep6_SB12_Day6_198_1,Rep6_SB12_198_1,6,12,2,6,198,1,6_12_6_198_1,PI479713,China,Jilin,2,Landrace,N,6,,,,161.6766017,27.59660172,134.08,2.352280702,1.971665875,2.065471705,,15,2.216155876,233.55102,,,,109.19,49.27,172.63235,22.61,13.65,0.60371517,1.5858,2616.77625,82,84,83,16.880075,11.823,4.9083,0.0092,5,0.246829876,0.199817266,0.45324897,0.869102639,0.484720977,0.166666667,0.506846839,0.855322557,90,94.41666667
KGF_Rep6_SB12_Day6_198_2,Rep6_SB12_198_2,6,12,2,6,198,2,6_12_6_198_2,PI479713,China,Jilin,2,Landrace,N,6,,,,159.3719928,,130.22,2.066984127,2.096999905,2.161087254,,13,2.156553398,243.95413,,,,106.62,49.44,169.40025,25.45,12.96,0.509233792,1.5606,2669.48625,76,90,90,17.2170125,12.046,5.033,0.0092,6.5,0.248004343,0.17361876,0.446765258,0.796418633,0.48558471,0.14884877,0.501106037,0.788173731,90,103.2083333
KGF_Rep7_SB14_Day6_198_1,Rep7_SB14_198_1,7,14,2,6,198,1,7_14_6_198_1,PI479713,China,Jilin,2,Landrace,N,6,,,,111.0508967,23.06188573,87.98901099,1.872106617,2.056498087,2.037994662,1,12,3.60332871,173.6815714,0.226054028,149.735624,15.24133376,85.64835165,23.76923077,106.9614781,21.43956044,9.395604396,0.438236802,1.202753291,1895.994505,54,62,64,9.176050598,6.932013042,2.127279314,0.0112,12,0.190834608,0.168321503,0.405507558,0.998729675,0.35884795,0.219419808,0.436550018,0.99898374,90,81.54166667
KGF_Rep7_SB14_Day6_198_2,Rep7_SB14_198_2,7,14,2,6,198,2,7_14_6_198_2,PI479713,China,Jilin,2,Landrace,N,6,,,,128.2770586,21.69464106,106.5824176,2.422327672,2.290661762,2.028150633,1,16,2.714935065,159.2024835,0.221263736,115.5992095,13.74963682,91.89010989,33.84615385,80.36040333,19.79120879,7.835164835,0.395891172,1.388600411,2023.026099,56,69,68,9.290106871,6.722376525,2.390411786,0.0173,16,0.264635645,0.232830329,0.407552162,0.999330477,0.426267225,0.221892195,0.461824213,0.999196572,90,90.16666667
KGF_Rep1_SB2_Day6_211_1,Rep1_SB2_211_1,1,2,2,6,211,1,1_2_6_211_1,PI507487,Japan,Tohoku,3,Landrace,D,2,,,,74.60359927,20.99833611,53.60526316,2.552631579,1.695536347,1.000079239,1,8,2.314216478,107.8501842,0.153907496,96.54873757,12.03697019,50.26315789,21.71929825,78.216759,19.30701754,8.324561404,0.431167651,0.640120037,1195.346491,44,37,39,8.058931594,5.36041859,2.540089258,0.0082,8,0.292885271,0.287897147,0.357132448,0.999141631,0.32360515,0.183118741,0.377136169,0.999141631,90,31.75
KGF_Rep1_SB2_Day6_211_2,Rep1_SB2_211_2,1,2,2,6,211,2,1_2_6_211_2,PI507487,Japan,Tohoku,3,Landrace,D,2,,,,66.86084402,18.24680893,48.61403509,1.519188596,1.671521101,1.753731303,1,8,3.1235327,87.10629825,0.167182844,161.2623191,13.07522353,49.01754386,15.69298246,42.98214835,16.49122807,4.657894737,0.282446809,0.571021853,938.9144737,40,52,55,7.35426285,5.41966759,1.838796553,0.0133,8,0.226746016,0.208774256,0.396267206,0.999484004,0.319707817,0.1812758,0.422050224,0.999484004,90,49.54166667
KGF_Rep2_SB4_Day6_211_1,Rep2_SB4_211_1,2,4,2,6,211,1,2_4_6_211_1,PI507487,Japan,Tohoku,3,Landrace,D,2,,,,128.7053319,23.84533188,104.86,1.115531915,,3.942071365,1,13,1.957361602,151.92593,0.251505078,209.7234579,17.11414014,83.09,42.45,63.57165,21.63,5.48,0.253351826,1.2652,1696.39875,54,118,112,11.7387625,8.0897,3.449,,,0.264225316,0.20225025,0.405412684,0.798692063,0.513210402,0.207858586,0.462232558,0.820444444,,
KGF_Rep2_SB4_Day6_211_2,Rep2_SB4_211_2,2,4,2,6,211,2,2_4_6_211_2,PI507487,Japan,Tohoku,3,Landrace,D,2,,,,129.4299617,24.38996175,105.04,1.313,,3.280037944,1,13,1.943975621,134.23241,0.29174954,284.1713498,19.90764433,82.93,42.66,84.44675,21.54,7.5,0.348189415,1.2676,1725.435,56,106,108,14.01765,10.1933,3.6071,,,0.259619399,0.196159125,0.397081384,0.843088714,0.604244341,0.177282142,0.452561336,0.848407252,,
KGF_Rep3_SB5_Day6_211_1,Rep3_SB5_211_1,3,5,1,6,211,1,3_5_6_211_1,PI507487,Japan,Tohoku,3,Landrace,D,2,,,,96.62716954,24.06716954,72.56,1.577391304,1.858214799,1.911317404,1,8.3,1.942448331,129.65289,0.220248266,255.100308,18.95197184,61.09,31.45,86.6618,21.69,7.47,0.34439834,0.9433,1426.93,52,61,63,10.95885,7.3029,3.3639,0.0109,8.3,0.251459001,0.215007255,0.386630612,0.873515691,0.436691006,0.237610566,0.418184902,0.900945111,90,80.75
KGF_Rep3_SB5_Day6_211_2,Rep3_SB5_211_2,3,5,1,6,211,2,3_5_6_211_2,PI507487,Japan,Tohoku,3,Landrace,D,2,,,,113.2444278,23.73442784,89.51,2.295128205,2.573736996,1.643182648,1,11,2.766460905,178.67105,0.201898503,171.209731,17.37300737,80.67,29.16,113.90675,22.11,9.92,0.448665762,1.1161,1825.07875,44,46,47,12.3783,8.8629,3.2045,0.0098,11,0.240809619,0.223212343,0.3740659,0.9995842,0.338504185,0.230977131,0.402224532,0.9995842,74,63.91666667
KGF_Rep4_SB8_Day6_211_1,Rep4_SB8_211_1,4,8,2,6,211,1,4_8_6_211_1,PI507487,Japan,Tohoku,3,Landrace,D,2,,,,93.7925896,21.57135067,72.22123894,1.164858693,,2.874182566,1,10,4.420146138,135.2916195,0.162423693,221.643249,15.60610569,74.94690265,16.95575221,75.71184118,18.90265487,7.769911504,0.411048689,0.813297831,1465.856195,30,77,71,8.473549221,6.48633409,1.903438014,0.0107,10,0.172283324,0.135918615,0.448723443,0.857203712,0.504109548,0.19022574,0.489890136,0.846513468,90,106.5416667
KGF_Rep4_SB8_Day6_211_2,Rep4_SB8_211_2,4,8,2,6,211,2,4_8_6_211_2,PI507487,Japan,Tohoku,3,Landrace,D,2,,,,129.9100154,23.77727208,106.1327434,1.739881039,2.029843991,2.565475123,1,15,4.815864023,198.2101593,0.165719231,175.2724041,15.92274989,105.3097345,21.86725664,106.4953794,20.67256637,9.265486726,0.448202055,1.125460099,2060.832965,64,85,81,10.02904495,7.651186467,2.28686663,0.0106,15,0.183216752,0.16113819,0.398185862,0.914904463,0.388487444,0.191588286,0.436758849,0.926849081,90,102.9166667
KGF_Rep5_SB10_Day6_211_1,Rep5_SB10_211_1,5,10,2,6,211,1,5_10_6_211_1,PI507487,Japan,Tohoku,3,Landrace,D,2,,,,70.22131132,21.97131132,48.25,1.269736842,1.755532783,1.729528085,1,7,3.905349794,106.2085577,0.307759895,,19.83914599,54.75,14.01923077,55.38854475,19.02884615,4.961538462,0.260737746,0.661242604,1072.694712,40,53,54,5.933489737,4.375369822,1.512943787,0.0119,7,0.136605797,0.130173922,0.357748724,1,0.262998566,0.205330114,0.36052248,1,90,58.5
KGF_Rep5_SB10_Day6_211_2,Rep5_SB10_211_2,5,10,2,6,211,2,5_10_6_211_2,PI507487,Japan,Tohoku,3,Landrace,D,2,,,,75.92683704,24.24414473,51.68269231,1.148504274,1.898170926,1.856118271,1,7,2.286643539,112.942125,0.167175153,74.4712273,11.6502664,50.70192308,22.17307692,70.01354475,22.05769231,6.288461538,0.285091543,0.710244083,1231.104567,40,68,64,6.354058802,4.22254068,1.980861686,0.0101,7,0.213487212,0.186099154,0.401003217,0.830964256,0.367830424,0.2099335,0.436144487,0.919506789,90,72.41666667
KGF_Rep6_SB11_Day6_211_1,Rep6_SB11_211_1,6,11,1,6,211,1,6_11_6_211_1,PI507487,Japan,Tohoku,3,Landrace,D,2,,,,27.52292568,,16.41071429,1.367559524,1.251042076,1.079893063,1,6,0.648048048,40.57638393,0.192038756,55.87096131,6.13542226,9.633928571,14.86607143,17.41876594,9.241071429,4.767857143,0.515942029,0.231026786,442.0948661,22,18,19,2.82288345,1.212133291,1.445392219,0.0133,6,0.326755915,0.232333028,0.441596731,0.999584027,0.395244038,0.239080699,0.415557404,0.999584027,36,10.5
KGF_Rep6_SB11_Day6_211_2,Rep6_SB11_211_2,6,11,1,6,211,2,6_11_6_211_2,PI507487,Japan,Tohoku,3,Landrace,D,2,,,,25.03844374,,11.51785714,0.383928571,1.391024652,2.218838641,1,2,1.574206755,38.72975893,0.139528282,26.16082141,5.416642691,13.73214286,8.723214286,14.31194196,12.16071429,1.982142857,0.162995595,0.213169643,373.96875,18,32,34,1.979372608,0.967952806,0.860012755,0.0149,2,0.203825369,0.201356144,0.350522193,1,0.251022628,0.215912388,0.350522193,1,90,44.625
KGF_Rep7_SB13_Day6_211_1,Rep7_SB13_211_1,7,13,1,6,211,1,7_13_6_211_1,PI507487,Japan,Tohoku,3,Landrace,D,2,,,,77.11798597,24.49893835,52.61904762,1.753968254,2.409937062,1.224542858,1,7,3.751519757,119.6108095,0.248685714,157.448289,17.43904493,58.77380952,15.66666667,72.82560941,21.96428571,6.369047619,0.2899729,0.892148526,1162.596726,32,42,43,8.977997449,6.531179138,2.31207483,0.0123,7,0.144335684,0.141680316,0.35500299,0.998948475,0.256046267,0.20388626,0.357833859,0.998948475,90,45.5
KGF_Rep7_SB13_Day6_211_2,Rep7_SB13_211_2,7,13,1,6,211,2,7_13_6_211_2,PI507487,Japan,Tohoku,3,Landrace,D,2,,,,46.01125369,20.53506321,25.47619048,1.019047619,1.64325906,1.217429902,1,4,2.451977401,77.97266667,0.222247401,85.91694909,13.09976461,31,12.64285714,37.69628685,18.69047619,4.976190476,0.266242038,0.526643991,737.5342262,28,29,31,5.620624291,3.580073696,1.921485261,0.014,4,0.127295014,0.123554811,0.333743842,0.99674525,0.248029557,0.175968428,0.333743842,0.997844828,52,36.08333333
KGF_Rep1_SB1_Day9_132_1,Rep1_SB1_132_1,1,1,1,9,132,1,1_1_9_132_1,PI430596,China,Fujian,2,Landrace,S,6,,,,208.3909303,34.24414127,174.146789,3.285788472,2.894318476,1.547710003,1,16,2.422958398,261.5082294,0.138690434,84.4988208,13.87472853,144.266055,59.5412844,207.7254861,31.34862385,12,0.382791923,1.889824089,3276.893349,72,101,92,16.91290716,11.84437337,4.709536234,0.0091,16,0.272451554,0.18715173,0.367720494,0.72889499,0.368150985,0.21779454,0.456531058,0.859929078,,
KGF_Rep1_SB1_Day9_132_2,Rep1_SB1_132_2,1,1,1,9,132,2,1_1_9_132_2,PI430596,China,Fujian,2,Landrace,S,6,,,,213.8638124,32.83628949,181.0275229,3.232634338,3.05519732,1.705430208,2,16,1.300819589,226.9506514,0.151997324,130.850864,15.14025016,117.9449541,90.66972477,142.9726033,30.46788991,8.550458716,0.280638362,1.94066156,3195.286697,70,128,102,18.46654322,10.71534383,7.339112869,0.0136,8,0.348534139,0.267120564,0.397017617,0.779289578,0.554221137,0.168136714,0.472865368,0.805901192,,
KGF_Rep2_SB3_Day9_132_1,Rep2_SB3_132_1,2,3,1,9,132,1,2_3_9_132_1,PI430596,China,Fujian,2,Landrace,S,6,,,,202.3988498,34.28234493,168.1165049,2.586407767,2.66314276,1.896019661,2,15,0.650220192,270.3337864,0.202338646,184.9485711,19.62540405,77.40776699,119.0485437,130.3909417,30.81553398,7.466019417,0.242281033,1.931944575,3120.712379,76,149,132,17.54180413,6.761240456,10.35187105,0.0148,7.5,0.349412807,0.230330872,0.448831189,0.740382895,0.428744705,0.208226363,0.488985507,0.771884058,90,106.625
KGF_Rep2_SB3_Day9_132_2,Rep2_SB3_132_2,2,3,1,9,132,2,2_3_9_132_2,PI430596,China,Fujian,2,Landrace,S,6,,,,296.0435499,31.84937515,264.1941748,2.695858926,3.700544374,3.076983443,3,,1.210236981,277.5386796,,234.146226,20.42138869,158.1650485,130.6893204,210.5336507,27.39805825,13.7184466,0.500708717,2.835611273,3875.964806,80,237,189,27.00049486,14.13639363,12.35498162,0.0135,7.67,0.341347227,0.190533267,0.397141395,0.795917339,0.510542229,0.208432604,0.50233512,0.88324399,90,157.875
KGF_Rep3_SB6_Day9_132_1,Rep3_SB6_132_1,3,6,2,9,132,1,3_6_9_132_1,PI430596,China,Fujian,2,Landrace,S,6,,,,117.1223714,27.79282598,89.32954545,2.030216942,2.342447429,1.583142356,1,9,1.22241797,187.576125,0.174103741,90.7748471,14.09051364,63.07954545,51.60227273,101.4803719,25.73863636,7.272727273,0.282560706,1.30785124,1965.806818,50,58,57,10.50003228,5.551782025,4.786157025,0.0129,9,0.29884253,0.212754982,0.40907998,1,0.345529254,0.188354754,0.46581079,1,74,66.25
KGF_Rep3_SB6_Day9_132_2,Rep3_SB6_132_2,3,6,2,9,132,2,3_6_9_132_2,PI430596,China,Fujian,2,Landrace,S,6,,,,118.1060237,27.26511461,90.84090909,2.162878788,2.036310754,1.540429982,1,10,2.285714286,198.4849205,0.178112978,84.34774651,14.27509844,80.72727273,35.31818182,114.0537836,25.45454545,8.875,0.348660714,1.322184917,2017.335227,58,61,58,10.82400891,7.096203512,3.578641529,0.0116,10,0.233895215,0.192923789,0.40416768,1,0.334295757,0.198116451,0.440220201,1,90,66.25
KGF_Rep4_SB7_Day9_132_1,Rep4_SB7_132_1,4,7,1,9,132,1,4_7_9_132_1,PI430596,China,Fujian,2,Landrace,S,6,,,,231.0249885,34.67204735,196.3529412,2.805042017,2.457712644,2.018917409,1,15,2.550200803,403.3862471,0.17247366,92.02224928,17.58117865,164.3529412,64.44705882,242.1912803,32.42352941,14.88235294,0.458998549,2.691764706,3805.070588,94,93,93,16.488391,11.53536332,4.708650519,0.0111,15,0.241730337,0.191335062,0.424489468,1,0.339930592,0.214940375,0.456281451,1,70,115.1666667
KGF_Rep4_SB7_Day9_132_2,Rep4_SB7_132_2,4,7,1,9,132,2,4_7_9_132_2,PI430596,China,Fujian,2,Landrace,S,6,,,,183.113397,34.18398522,148.9294118,2.707807487,3.05188995,1.608940551,1,13,2.362781544,329.0862706,0.18020466,102.9190102,18.10948801,127.1176471,53.8,219.8382699,31.96470588,13.17647059,0.41221936,2.128442907,3212.675,60,68,69,14.81128028,10.07778547,4.522906574,0.0097,13,0.256891924,0.200830466,0.37743102,0.999755262,0.338639701,0.187732972,0.434981237,0.999816446,74,88.33333333
KGF_Rep5_SB9_Day9_132_1,Rep5_SB9_132_1,5,9,1,9,132,1,5_9_9_132_1,PI430596,China,Fujian,2,Landrace,S,6,,,,151.8540837,30.17173074,121.6823529,2.483313325,2.530901395,1.624036765,1,14,3.376336668,255.8923529,0.182888149,95.9338039,16.12147948,115.1529412,34.10588235,152.0528028,28.04705882,10.6,0.377936242,1.7616609,2558.870588,60,63,62,13.47155709,10.40083045,2.828235294,0.0116,14,0.228202328,0.205879475,0.406315012,0.999384489,0.352474186,0.219634797,0.434836131,0.999384489,90,84.29166667
KGF_Rep5_SB9_Day9_132_2,Rep5_SB9_132_2,5,9,1,9,132,2,5_9_9_132_2,PI430596,China,Fujian,2,Landrace,S,6,,,,117.555929,29.13239962,88.42352941,1.842156863,1.896063371,1.647650061,1,9,3.223417994,195.2551412,0.173722927,74.5641254,14.73570013,88.09411765,27.32941176,110.1633218,26.98823529,7.976470588,0.295553618,1.357923875,1976.441176,62,58,60,9.708512111,7.182283737,2.379515571,0.0123,9,0.212468168,0.189156814,0.399861431,0.999274416,0.326431215,0.215576217,0.424103904,0.999346974,64,74.41666667
KGF_Rep6_SB12_Day9_132_1,Rep6_SB12_132_1,6,12,2,9,132,1,6_12_9_132_1,PI430596,China,Fujian,2,Landrace,S,6,,,,309.6750288,,267.46,2.40954955,2.211964492,2.629395337,6,14,0.934510105,468.20706,0.177236876,157.5672079,21.32010438,146.12,156.36,261.32865,38.19,12.93,0.338570306,3.0575,5335.94125,140,162,160,20.5409375,10.5134,9.505,0.0117,2.33,0.348764305,0.2191544,0.477969691,0.745803808,0.487727911,0.223078776,0.495577054,0.776824861,68,174.875
KGF_Rep6_SB12_Day9_132_2,Rep6_SB12_132_2,6,12,2,9,132,2,6_12_9_132_2,PI430596,China,Fujian,2,Landrace,S,6,,,,327.673658,,282.88,2.746407767,2.445325806,2.299432657,4,15,1.288657589,449.74289,0.168259709,165.4215822,21.77846275,180.76,140.27,276.5379,41.17,13.01,0.316006801,3.2408,5593.31,134,175,166,21.698975,12.9927,8.2184,0.0117,3.75,0.290752193,0.16265379,0.481692438,0.739308896,0.522132706,0.199725545,0.513108516,0.763459648,90,188.4583333
KGF_Rep7_SB14_Day9_132_1,Rep7_SB14_132_1,7,14,2,9,132,1,7_14_9_132_1,PI430596,China,Fujian,2,Landrace,S,6,,,,322.1971959,29.15225204,293.0449438,3.805778491,3.09804996,2.641305374,,,1.609349221,542.1021011,0.156157707,67.24063276,13.19064367,197.2808989,122.5842697,170.7812145,26.85393258,11.5505618,0.430125523,3.594748138,5403.752809,104,115,113,16.94514581,10.36295922,6.160080798,0.021,2.09,0.308627261,0.213172907,0.469695191,0.71460202,0.449369078,0.205342237,0.505822204,0.769581247,90,129.625
KGF_Rep7_SB14_Day9_132_2,Rep7_SB14_132_2,7,14,2,9,132,2,7_14_9_132_2,PI430596,China,Fujian,2,Landrace,S,6,,,,387.3588226,28.74084504,358.6179775,,3.952641047,2.192002355,,,1.721789574,646.7962584,0.163497245,75.99949303,13.56822177,243.4494382,141.3932584,209.7659386,26.41573034,14.87640449,0.563164611,4.326221437,6601.490169,98,106,108,22.96308863,14.65610403,7.716323697,0.0206,2.5,0.282592948,0.177405775,0.46339424,0.704716766,0.464494219,0.196743435,0.499253526,0.736443884,90,106.5833333
KGF_Rep1_SB1_Day9_159_1,Rep1_SB1_159_1,1,1,1,9,159,1,1_1_9_159_1,PI438139,China,Northeast Chi,2,Landrace,N,2,,,,229.7124594,39.54732183,190.1651376,2.838285636,2.945031531,1.694172877,1,16,3.298601399,332.3734954,0.185370229,176.7483666,21.75026053,173.1009174,52.47706422,412.7562495,37.33027523,21.74311927,0.582452691,2.087282215,3800.380734,78,90,88,22.74833768,17.2756502,5.088292231,0.0051,16,0.280208274,0.1993943,0.354878556,0.762349996,0.384201371,0.243787526,0.429254079,0.816987179,,
KGF_Rep1_SB1_Day9_159_2,Rep1_SB1_159_2,1,1,1,9,159,2,1_1_9_159_2,PI438139,China,Northeast Chi,2,Landrace,N,2,,,,237.352138,38.51727563,198.8348624,3.823747354,3.955868967,1.350043562,1,17,3.397458217,274.7335229,0.175080418,153.8200419,19.45798995,179.0366972,52.69724771,380.0735207,35.21100917,20.95412844,0.595101615,2.148724855,3721.982798,60,93,85,22.93703182,17.62048649,4.872569649,0.0057,17,0.211766105,0.191641977,0.381665422,0.999027947,0.356037947,0.208991495,0.411178615,0.999392467,,
KGF_Rep2_SB4_Day9_159_1,Rep2_SB4_159_1,2,4,2,9,159,1,2_4_9_159_1,PI438139,China,Northeast Chi,2,Landrace,N,2,,,,352.1301286,,325.7475728,5.521145302,4.633291166,2.236326173,,,,475.6829515,0.166736592,119.4774278,15.06359475,170.0291262,179.9029126,370.9710152,24.10679612,26.89320388,1.115585984,3.397398435,6578.277913,76,91,91,31.0730394,16.5124894,14.15194646,0.0092,3.75,0.393455838,0.11574753,0.490397598,0.762139275,0.605352626,0.137238724,0.518598735,0.807464804,90,119.25
KGF_Rep2_SB4_Day9_159_2,Rep2_SB4_159_2,2,4,2,9,159,2,2_4_9_159_2,PI438139,China,Northeast Chi,2,Landrace,N,2,,,,195.6420011,38.350739,157.2912621,2.06962187,4.658142884,1.981708879,1,13,3.077768561,321.1889126,0.165464144,133.525313,18.62775812,144.0873786,46.81553398,396.6861627,35.81553398,19.72815534,0.550826782,1.875011782,3623.231796,42,96,93,17.0679376,12.5847865,4.127816005,0.0047,13,0.229161014,0.189826251,0.35737728,0.733808863,0.451534642,0.22432241,0.51879814,0.7598208,90,147.5416667
KGF_Rep3_SB6_Day9_159_1,Rep3_SB6_159_1,3,6,2,9,159,1,3_6_9_159_1,PI438139,China,Northeast Chi,2,Landrace,N,2,,,,334.9813484,42.00407564,292.9772727,3.959152334,3.641101613,1.761733805,1,21,2.962494904,506.6464091,0.249599682,284.7627168,30.10030348,247.7386364,83.625,591.6844654,37.26136364,26.61363636,0.714242147,3.765495868,6206.03267,92,111,108,36.33412965,26.87577479,9.063145661,0.0064,21,0.298136583,0.171148511,0.394560571,0.745446266,0.387399695,0.207468124,0.463240708,0.85428051,90,127.2083333
KGF_Rep3_SB6_Day9_159_2,Rep3_SB6_159_2,3,6,2,9,159,2,3_6_9_159_2,PI438139,China,Northeast Chi,2,Landrace,N,2,,,,254.5736193,39.82361929,214.75,4.210784314,3.85717605,1.280647036,1,17,3.70631016,425.0931023,0.224406453,211.6784968,25.12341057,196.8977273,53.125,510.0502324,35.40909091,24.89772727,0.703145058,2.845299587,4776.348011,66,71,71,26.93438468,20.95661157,5.666193182,0.0056,17,0.200117986,0.179172461,0.393733948,1,0.331458826,0.218322254,0.417853751,1,90,92
KGF_Rep4_SB8_Day9_159_1,Rep4_SB8_159_1,4,8,2,9,159,1,4_8_9_159_1,PI438139,China,Northeast Chi,2,Landrace,N,2,,,,322.1975125,40.03472179,282.1627907,4.551012753,3.502146875,1.548655698,1,23,6.096138896,516.4597674,0.168433104,106.7883455,19.18469878,273.5465116,44.87209302,644.1295295,36.24418605,28.19767442,0.777991659,3.702541915,5810.587209,92,92,90,27.13067875,22.86100595,3.850865333,0.0057,23,0.186076968,0.175113121,0.387632203,1,0.309771536,0.216855219,0.408303944,1,90,108.4583333
KGF_Rep4_SB8_Day9_159_2,Rep4_SB8_159_2,4,8,2,9,159,2,4_8_9_159_2,PI438139,China,Northeast Chi,2,Landrace,N,2,,,,252.5516846,41.45866135,211.0930233,3.404726182,3.323048482,1.495465555,1,16,4.453529711,406.5375,0.163129205,108.4835992,19.85583404,203.9302326,45.79069767,509.4947945,38.62790698,22.77906977,0.589704997,2.905083829,4633.241279,76,87,86,18.87564224,14.94780963,3.632368848,0.0057,16,0.212319421,0.159963098,0.389565841,0.999700957,0.321138486,0.203127412,0.420464514,0.999700957,90,116.0416667
KGF_Rep5_SB9_Day9_159_1,Rep5_SB9_159_1,5,9,1,9,159,1,5_9_9_159_1,PI438139,China,Northeast Chi,2,Landrace,N,2,,,,166.201746,30.46056955,135.7411765,3.668680445,4.155043651,1.214685101,1,16,4.339217191,346.3262941,0.213373935,148.6837535,18.73780654,133.0352941,30.65882353,270.7186159,27.95294118,17.87058824,0.639309764,1.925813149,3329.107353,40,42,44,18.65510381,14.98477509,3.429204152,0.0071,16,0.236750513,0.1596866,0.406854968,1,0.31537972,0.217569787,0.406672274,1,90,55.29166667
KGF_Rep5_SB9_Day9_159_2,Rep5_SB9_159_2,5,9,1,9,159,2,5_9_9_159_2,PI438139,China,Northeast Chi,2,Landrace,N,2,,,,171.4490917,33.49615057,137.9529412,2.998976982,2.857484862,1.373292131,1,14,4.448839863,292.2169176,0.204917737,140.083399,19.76746625,137.6,30.92941176,269.7074048,30.69411765,16.52941176,0.538520506,1.984221453,3104.072059,60,60,63,16.9366955,13.46435986,3.248858131,0.0074,14,0.187018255,0.170741153,0.407989633,1,0.330325715,0.217149373,0.438312429,1,90,82.54166667
KGF_Rep6_SB11_Day9_159_1,Rep6_SB11_159_1,6,11,1,9,159,1,6_11_9_159_1,PI438139,China,Northeast Chi,2,Landrace,N,2,,,,194.3154957,37.62549565,156.69,2.798035714,2.698826329,1.488352486,1,14,4.570467836,277.42307,0.264033019,306.7080359,28.13610381,156.31,34.2,320.31555,33.85,16.8,0.496307238,1.9061,3542.6825,72,72,73,23.042675,18.1409,4.7182,0.006,14,0.243534923,0.235554411,0.411343358,0.999413834,0.298829761,0.198279429,0.428264389,0.999413834,90,100.25
KGF_Rep6_SB11_Day9_159_2,Rep6_SB11_159_2,6,11,1,9,159,2,6_11_9_159_2,PI438139,China,Northeast Chi,2,Landrace,N,2,,,,202.6901046,37.3201046,165.37,2.851206897,2.980736832,1.554122118,1,14,4.902222222,373.92204,0.256417381,290.9670859,27.25205963,165.45,33.75,300.3535,33.82,16.14,0.477232407,1.992,3647.54625,68,70,73,22.6832375,18.0114,4.4891,0.0066,14,0.186121215,0.168950023,0.414935209,1,0.349627048,0.211974417,0.460106383,1,90,105.7083333
KGF_Rep1_SB2_Day9_172_1,Rep1_SB2_172_1,1,2,2,9,172,1,1_2_9_172_1,PI458506,China,Liaoning,2,Landrace,D,4,,,,298.1683174,30.19831745,267.97,,,0.529830843,,18,0.347202427,363.5907,0.185852005,163.4343678,19.80491425,75.52,217.51,323.7955,26.99,19,0.703964431,2.9508,5034.06375,46,30,30,46.9817125,11.4545,34.9751,0.0091,1.5,0.604121201,0.140887564,0.580621062,0.78182302,0.366606715,0.151336074,0.478931141,0.890715999,90,28.83333333
KGF_Rep1_SB2_Day9_172_2,Rep1_SB2_172_2,1,2,2,9,172,2,1_2_9_172_2,PI458506,China,Liaoning,2,Landrace,D,4,,,,254.1359415,40.42594155,213.71,2.849466667,3.529665855,1.855244359,,14,1.927149215,314.28582,0.198044633,180.6203718,23.41868828,164.54,85.38,356.3385,37.58,14.84,0.394890899,2.5135,4083.2725,72,120,111,24.896975,15.7236,8.825,0.0071,3.5,0.417190544,0.085098229,0.553221205,0.739285193,0.519141982,0.210163432,0.483610363,0.754380451,90,121.8333333
KGF_Rep2_SB4_Day9_172_1,Rep2_SB4_172_1,2,4,2,9,172,1,2_4_9_172_1,PI458506,China,Liaoning,2,Landrace,D,4,,,,341.8644447,40.43726025,301.4271845,6.028543689,3.225136271,1.236483374,1,25,2.749594375,408.1796019,0.161884658,142.2741851,19.21230934,246.7961165,89.75728155,353.2266943,37.36893204,17.04854369,0.456222395,3.293241587,5945.777913,106,111,110,25.7140164,19.08822698,6.037703836,0.0093,25,0.208645313,0.171592878,0.43428455,0.999758337,0.436346061,0.227865899,0.481868943,0.999758337,90,93.08333333
KGF_Rep2_SB4_Day9_172_2,Rep2_SB4_172_2,2,4,2,9,172,2,2_4_9_172_2,PI458506,China,Liaoning,2,Landrace,D,4,,,,301.6616554,40.25388839,261.407767,3.187899597,3.209166547,2.037070288,2,19,1.729546267,430.288767,0.155696689,111.0881258,18.34495852,188,108.6990291,308.2101518,37.19417476,15.51456311,0.417123467,2.902064285,5244.309466,94,139,130,21.81957536,14.009803,7.281836177,0.0094,9.5,0.296858013,0.19383984,0.403365192,0.742288662,0.433036169,0.218754606,0.490575616,0.849668386,90,145.4583333
KGF_Rep3_SB5_Day9_172_1,Rep3_SB5_172_1,3,5,1,9,172,1,3_5_9_172_1,PI458506,China,Liaoning,2,Landrace,D,4,,,,190.9128594,32.47329891,158.4395604,4.659987072,3.291601023,1.047014043,1,16,2.929986181,255.7133846,0.173346223,92.06543306,16.66664032,139.8021978,47.71428571,216.4928149,30.57142857,12.75824176,0.417325665,2.07740611,3285.534341,58,69,65,15.12813972,10.92235237,3.866682768,0.0096,16,0.253080668,0.238889566,0.407634633,0.999544937,0.405591247,0.219081601,0.446708922,0.999658703,90,56.20833333
KGF_Rep3_SB5_Day9_172_2,Rep3_SB5_172_2,3,5,1,9,172,2,3_5_9_172_2,PI458506,China,Liaoning,2,Landrace,D,4,,,,169.8964591,,154.1978022,4.974122652,2.929249295,1.974691224,,21,0.287957668,241.493,0.106847597,45.48803091,,37.07692308,128.7582418,116.1866924,14.35164835,12.61538462,0.879019909,1.851708731,2803.440934,58,58,56,12.80841686,3.187416979,9.176427968,0.0159,1.91,0.427745403,0.203700172,0.402779506,0.760068758,0.656251346,0.188251001,0.476802403,0.837980052,64,45.79166667
KGF_Rep4_SB7_Day9_172_1,Rep4_SB7_172_1,4,7,1,9,172,1,4_7_9_172_1,PI458506,China,Liaoning,2,Landrace,D,4,,,,242.8688464,35.46884644,207.4,3.4,3.195642716,1.719819112,1,19,5.240768996,400.0455647,0.17991412,101.9860985,18.76520035,202.0470588,38.55294118,376.8211073,33.18823529,20.74117647,0.62495569,2.830588235,4335.479412,76,83,82,20.85247405,17.01107266,3.514463668,0.0075,19,0.200139543,0.18156671,0.41619461,1,0.335104499,0.229564508,0.439472062,1,68,103.2083333
KGF_Rep4_SB7_Day9_172_2,Rep4_SB7_172_2,4,7,1,9,172,2,4_7_9_172_2,PI458506,China,Liaoning,2,Landrace,D,4,,,,245.1082616,35.1200263,209.9882353,5.833006536,3.225108705,1.02505618,1,19,3.562001771,306.2935294,0.188684002,106.9742736,19.1987184,189.2470588,53.12941176,287.429481,32.37647059,16.56470588,0.511627907,2.851487889,4131.363235,76,80,76,22.4816782,17.32622837,4.830865052,0.0099,19,0.234686096,0.145010637,0.389814132,0.780844025,0.408224401,0.1902687,0.438050583,0.906076011,68,60.79166667
KGF_Rep5_SB10_Day9_172_1,Rep5_SB10_172_1,5,10,2,9,172,1,5_10_9_172_1,PI458506,China,Liaoning,2,Landrace,D,4,,,,230.6675452,40.39695695,190.2705882,3.338080495,2.883344315,1.41099737,1,13,3.12292288,398.6246235,0.215956345,193.1576175,25.38189453,172.4588235,55.22352941,323.9542561,37.36470588,16.64705882,0.445528967,2.678615917,4188.485294,80,84,83,20.32285467,14.67612457,5.363321799,0.0083,13,0.182195232,0.143186094,0.42184984,0.886301657,0.325693087,0.166792532,0.447136564,0.943150829,68,91.25
KGF_Rep5_SB10_Day9_172_2,Rep5_SB10_172_2,5,10,2,9,172,2,5_10_9_172_2,PI458506,China,Liaoning,2,Landrace,D,4,,,,291.7157516,42.57457515,249.1411765,3.718525022,3.472806567,1.573709186,2,16,2.006148549,464.2911294,0.248070106,247.589678,29.97231579,191.9294118,95.67058824,310.1191003,38.4,14.6,0.380208333,3.383529412,5025.504412,84,100,99,25.46276817,16.79211073,8.314048443,0.0109,8,0.259263818,0.178808672,0.417854008,0.851500306,0.427283363,0.199164295,0.478293442,0.920800163,90,120.2083333
KGF_Rep6_SB11_Day9_172_1,Rep6_SB11_172_1,6,11,1,9,172,1,6_11_9_172_1,PI458506,China,Liaoning,2,Landrace,D,4,,,,174.2114336,31.04143361,143.17,3.767631579,3.629404867,1.224170265,1,15,6.313324819,314.08791,0.248654787,212.1551291,22.35714412,148.3,23.49,264.2839,28.5,16.27,0.570877193,1.7179,3142.2325,48,51,52,20.831725,17.3809,3.2834,0.0065,15,0.086427232,0.080378005,0.384119007,0.999719495,0.283208459,0.198018934,0.402217742,0.999824684,54,53.875
KGF_Rep6_SB11_Day9_172_2,Rep6_SB11_172_2,6,11,1,9,172,2,6_11_9_172_2,PI458506,China,Liaoning,2,Landrace,D,4,,,,110.3510678,30.23106781,80.12,2.50375,,1.058513718,1,10,3.563421829,203.24431,0.201838836,118.5351183,17.86246751,84.56,23.73,172.1386,28.18,11.89,0.421930447,1.0829,2128.68375,48,46,43,12.0644875,8.9526,2.9958,0.0063,10,0.206304904,0.192455716,0.412612029,1,0.347240691,0.221650906,0.426832151,1,46,44.16666667
KGF_Rep7_SB13_Day9_172_1,Rep7_SB13_172_1,7,13,1,9,172,1,7_13_9_172_1,PI458506,China,Liaoning,2,Landrace,D,4,,,,241.0256133,35.24152236,205.7840909,3.487865948,3.257102882,1.674161502,1,20,5.782580645,400.3261364,0.162643991,78.39671241,16.95462058,203.7045455,35.22727273,346.9625517,33.17045455,19.23863636,0.579993148,2.715521694,4498.997159,74,75,78,21.22596526,17.63287707,3.230759298,0.0078,20,0.19860601,0.185693886,0.423946802,1,0.323720726,0.214155874,0.44129516,1,74,99.45833333
KGF_Rep7_SB13_Day9_172_2,Rep7_SB13_172_2,7,13,1,9,172,2,7_13_9_172_2,PI458506,China,Liaoning,2,Landrace,D,4,,,,238.2966106,34.38751967,203.9090909,3.998217469,3.610554706,1.483096207,1,21,6.623434046,416.5018636,0.167551546,83.37573514,16.69457914,204.2727273,30.84090909,281.5790289,31.65909091,16.22727273,0.512562814,2.677556818,4191.927557,66,73,70,20.97055785,17.55836777,2.98553719,0.0095,21,0.201528573,0.152995537,0.35509305,1,0.329807785,0.22442213,0.416050903,1,62,76.54166667
KGF_Rep1_SB1_Day9_198_1,Rep1_SB1_198_1,1,1,1,9,198,1,1_1_9_198_1,PI479713,China,Jilin,2,Landrace,N,6,,,,214.3402902,37.39533605,176.9449541,2.527785059,2.329785763,1.871891187,1,14,1.752048193,269.739367,0.171561816,148.7258282,18.70597501,133.412844,76.14678899,281.1494824,34.65137615,14.14678899,0.408260524,1.941755744,3626.081422,92,111,104,18.18182392,11.70010942,6.163370087,0.0069,14,0.348647562,0.188231345,0.449340756,0.844640907,0.404002709,0.202383694,0.468556308,0.868845642,,
KGF_Rep1_SB1_Day9_198_2,Rep1_SB1_198_2,1,1,1,9,198,2,1_1_9_198_2,PI479713,China,Jilin,2,Landrace,N,6,,,,246.5848485,34.96099526,211.6238532,4.232477064,3.852888257,1.430165235,1,19,0.958754459,353.1156239,0.19179948,173.0785919,19.4365718,118.3577982,123.4495413,371.3415117,32.21100917,21.43119266,0.665337511,2.237437926,4403.533257,64,83,73,24.16100286,12.61316388,11.11733019,0.006,19,0.349360728,0.184720584,0.409149013,0.999733262,0.412611363,0.177491776,0.458366676,0.999733262,,
KGF_Rep2_SB3_Day9_198_1,Rep2_SB3_198_1,2,3,1,9,198,1,2_3_9_198_1,PI479713,China,Jilin,2,Landrace,N,6,,,,465.471355,37.92766568,427.5436893,4.500459888,5.171903944,2.504767912,2,36,2.570178747,391.439767,0.227998836,318.7476519,24.58994367,330.8543689,128.7281553,472.2342351,34.18446602,22.67961165,0.663447884,4.484211519,6002.550971,90,202,175,44.01581205,30.99538128,12.35328495,0.0095,18,0.371686849,0.27729917,0.370777357,0.791160494,0.509044073,0.222717502,0.434249035,0.822639338,90,169.3333333
KGF_Rep2_SB3_Day9_198_2,Rep2_SB3_198_2,2,3,1,9,198,2,2_3_9_198_2,PI479713,China,Jilin,2,Landrace,N,6,,,,428.305351,36.85874905,391.4466019,6.31365487,5.353816887,1.682097239,2,35,2.912886318,386.4341456,0.249447676,,25.51089316,312.9514563,107.4368932,519.0510887,31.3592233,27.5631068,0.878947369,4.116504854,5820.122573,80,209,156,45.22581063,36.45244604,8.202469601,0.0079,17.5,0.256260098,0.114477314,0.381174321,0.928900199,0.388414002,0.18962062,0.42077354,0.892339994,90,130.625
KGF_Rep3_SB5_Day9_198_1,Rep3_SB5_198_1,3,5,1,9,198,1,3_5_9_198_1,PI479713,China,Jilin,2,Landrace,N,6,,,,259.2856493,36.58235256,222.7032967,2.892250607,3.813024254,2.104840028,1,20,2.205390463,428.2492418,0.166340365,123.3238247,17.98572227,175.3406593,79.50549451,414.4472286,34.40659341,23.16483516,0.673267327,2.825504166,4675.906593,68,93,91,19.86325625,13.51080787,5.889868373,0.0068,20,0.291992662,0.18718234,0.400383782,1,0.379333204,0.24130064,0.446921642,1,90,145.625
KGF_Rep3_SB5_Day9_198_2,Rep3_SB5_198_2,3,5,1,9,198,2,3_5_9_198_2,PI479713,China,Jilin,2,Landrace,N,6,,,,214.7280101,36.17855953,178.5494505,2.260119627,3.157764854,2.183613749,1,16,2.976951827,331.3473407,0.159886188,103.0338821,17.01187028,157.5494505,52.92307692,371.9358773,33.89010989,20.49450549,0.604734111,2.334259147,3477.009615,68,87,89,16.79966188,12.34814636,4.07003985,0.0063,16,0.28421986,0.160701601,0.424474162,0.999694377,0.353675993,0.228477673,0.442534951,0.999694377,90,133.5
KGF_Rep4_SB8_Day9_198_1,Rep4_SB8_198_1,4,8,2,9,198,1,4_8_9_198_1,PI479713,China,Jilin,2,Landrace,N,6,,,,310.9818584,,288.2325581,,7.404329963,1.054977502,,30,1.89420765,573.2887326,0.198286184,251.7522876,19.27474984,201.5348837,106.3953488,311.2138994,18.18604651,26.13953488,1.437340153,3.5805841,5959.020349,42,31,29,21.71479516,14.36046512,6.936046512,0.0115,2,0.618359736,0.115602046,0.633371993,0.709759189,0.220901986,0.141888466,0.522179975,0.709759189,90,24.20833333
KGF_Rep4_SB8_Day9_198_2,Rep4_SB8_198_2,4,8,2,9,198,2,4_8_9_198_2,PI479713,China,Jilin,2,Landrace,N,6,,,,343.0323601,41.91608106,301.1162791,5.191659984,4.764338335,1.383717145,1,21,4.145169805,626.4235233,0.160582647,107.500471,19.61626424,273.9186047,66.08139535,633.6239859,38.8372093,27.91860465,0.718862275,3.953488372,6618.334302,72,77,73,26.27285019,20.59437534,5.299215792,0.0062,21,0.189402621,0.175500418,0.368611832,0.999700867,0.303010923,0.196857239,0.411020042,0.999700867,90,99.58333333
KGF_Rep5_SB9_Day9_198_1,Rep5_SB9_198_1,5,9,1,9,198,1,5_9_9_198_1,PI479713,China,Jilin,2,Landrace,N,6,,,,198.2540243,32.03049485,166.2235294,3.25928489,2.679108436,1.592232659,1,17,3.412248144,321.1124118,0.221479714,140.0413299,20.57927988,151.4235294,44.37647059,263.7054671,29.57647059,17.47058824,0.590692124,2.303529412,3560.667647,74,77,77,18.5650173,14.14685121,4.150449827,0.0087,17,0.222930863,0.168375799,0.382974616,0.743207061,0.403551345,0.187562933,0.448348161,0.816871612,76,94.83333333
KGF_Rep5_SB9_Day9_198_2,Rep5_SB9_198_2,5,9,1,9,198,2,5_9_9_198_2,PI479713,China,Jilin,2,Landrace,N,6,,,,173.5688167,35.28646379,138.2823529,2.384178499,2.629830556,1.643689783,1,13,3.954266212,254.5384118,0.221763863,184.8159824,22.88427402,136.3058824,34.47058824,218.6649827,32.87058824,13.16470588,0.400501074,2.013287197,2968.422059,66,79,79,16.81766436,13.03792388,3.545051903,0.0092,13,0.219210181,0.201120837,0.398325381,0.99885159,0.353265505,0.217586301,0.427797409,0.999116608,90,98.625
KGF_Rep6_SB12_Day9_198_1,Rep6_SB12_198_1,6,12,2,9,198,1,6_12_9_198_1,PI479713,China,Jilin,2,Landrace,N,6,,,,528.313456,49.92345597,478.39,5.089255319,4.192963936,1.882882468,2,26.02,2.335808475,828.23921,0.181093646,221.2760365,25.69822791,364.9,156.22,815.4052,44.77,31.25,0.698012062,5.2356,9698.705,126,179,162,34.46775,24.2379,9.4731,0.0064,13.01,0.250250732,0.180841211,0.397720448,0.789119618,0.447990793,0.196954402,0.461986055,0.805533115,90,158.7083333
KGF_Rep6_SB12_Day9_198_2,Rep6_SB12_198_2,6,12,2,9,198,2,6_12_9_198_2,PI479713,China,Jilin,2,Landrace,N,6,,,,504.8514459,50.50144587,454.35,5.474096386,4.949523979,1.643517301,3,26,2.249657154,804.0246,0.178776538,209.6421691,25.66147127,344.49,153.13,772.85455,45.02,30.95,0.687472235,5.0004,9415.46,102,178,161,35.3932875,24.4869,10.1507,0.0065,8.67,0.319830009,0.278487929,0.439739076,0.831007463,0.489807128,0.240227202,0.460325949,0.825091341,90,115.25
KGF_Rep7_SB14_Day9_198_1,Rep7_SB14_198_1,7,14,2,9,198,1,7_14_9_198_1,PI479713,China,Jilin,2,Landrace,N,6,,,,420.0111127,42.17965205,377.8314607,5.55634501,3.962368988,1.612151753,2,27,5.526435974,533.9787079,0.18328174,182.6223753,22.8248347,353.505618,63.96629213,613.0301098,39.62921348,28.39325843,0.716472923,4.690695619,7349.113764,106,127,128,30.70603459,25.67175862,4.503093044,0.0077,13.5,0.282706135,0.271440985,0.411337454,0.999291785,0.413076987,0.258866856,0.454631112,0.999433428,90,152.0416667
KGF_Rep7_SB14_Day9_198_2,Rep7_SB14_198_2,7,14,2,9,198,2,7_14_9_198_2,PI479713,China,Jilin,2,Landrace,N,6,,,,471.0329231,40.62842874,430.4044944,8.608089888,5.010988544,1.230665363,1,35,,618.8352135,0.17002194,132.02324,20.28530462,415.3370787,53.04494382,498.5745487,37.97752809,24.4494382,0.643786982,5.262719354,8081.602528,94,106,109,33.34900896,28.83247065,3.845979043,0.0106,35,0.251879134,0.239381292,0.354419083,0.999704404,0.369660065,0.232322604,0.435638979,0.999704404,90,103.7916667
KGF_Rep1_SB2_Day9_211_1,Rep1_SB2_211_1,1,2,2,9,211,1,1_2_9_211_1,PI507487,Japan,Tohoku,3,Landrace,D,2,,,,308.2749069,45.28490691,262.99,3.022873563,2.964181797,1.921169898,1,17,1.76841327,366.54522,0.21909595,304.3313425,28.5511082,191.36,108.21,570.24025,41.33,23.78,0.575368981,3.0447,4777.10625,104,146,138,32.1245125,20.7532,10.6549,0.0053,17,0.342556441,0.223453756,0.354107745,0.920721112,0.43100702,0.171589922,0.459893571,0.924599727,90,156.2083333
KGF_Rep1_SB2_Day9_211_2,Rep1_SB2_211_2,1,2,2,9,211,2,1_2_9_211_2,PI507487,Japan,Tohoku,3,Landrace,D,2,,,,310.3285108,42.74851081,267.58,4.386557377,3.52646035,1.426950293,1,20,3.149475405,310.7664,0.244262714,354.4522332,30.02734258,231.14,73.39,388.37115,39.16,18.7,0.47752809,3.0671,4514.0025,88,114,112,37.0114875,28.7641,7.756,0.0079,20,0.286805954,0.266329983,0.400447392,0.81646604,0.429112916,0.217618319,0.455215967,0.838711904,90,124.2916667
KGF_Rep2_SB4_Day9_211_1,Rep2_SB4_211_1,2,4,2,9,211,1,2_4_9_211_1,PI507487,Japan,Tohoku,3,Landrace,D,2,,,,400.4322139,38.50988385,361.9223301,4.413686952,3.640292854,2.129323483,,29,1.273108774,507.2109806,0.191981606,199.411846,21.43739438,220.9029126,173.5145631,340.9064002,35.53398058,17.78640777,0.500546448,3.858893392,6622.992718,110,140,141,32.88688849,19.58752003,12.59053634,0.0113,9.67,0.295294018,0.222371435,0.427983357,0.723617296,0.513877841,0.177593801,0.503820389,0.738867285,90,172.5416667
KGF_Rep2_SB4_Day9_211_2,Rep2_SB4_211_2,2,4,2,9,211,2,2_4_9_211_2,PI507487,Japan,Tohoku,3,Landrace,D,2,,,,,43.67323791,,4.69704059,3.612730057,1.900477363,1,28,3.101464142,473.2021942,0.19586839,215.0479248,24.45224543,322.8834951,104.1067961,449.4402394,39.52427184,21.80582524,0.551707197,4.170798379,6707.171117,120,161,154,35.3557357,26.95833726,7.752851353,0.0093,28,0.278620432,0.253068993,0.431536661,0.753150135,0.507117117,0.224180379,0.502997434,0.786322818,90,178.5833333
KGF_Rep3_SB5_Day9_211_1,Rep3_SB5_211_1,3,5,1,9,211,1,3_5_9_211_1,PI507487,Japan,Tohoku,3,Landrace,D,2,,,,322.3236486,37.1588134,285.1648352,4.752747253,3.581373873,1.614690958,1,24,6.260891337,428.3517912,0.212363433,220.7983663,22.77872814,274.7912088,43.89010989,360.6250453,33.94505495,21.04395604,0.619941729,3.50887574,5073.581044,90,100,97,25.71901039,21.89167975,3.44173409,0.0097,24,0.198703044,0.181981351,0.403975155,1,0.37681871,0.232594235,0.434800971,1,90,113.9583333
KGF_Rep3_SB5_Day9_211_2,Rep3_SB5_211_2,3,5,1,9,211,2,3_5_9_211_2,PI507487,Japan,Tohoku,3,Landrace,D,2,,,,284.8612506,37.1139979,247.7472527,3.69772019,3.84947636,1.805248796,1,22,5.349190535,393.2503187,0.198867566,175.5482027,21.59887629,236.010989,44.12087912,425.3194059,34.57142857,22.48351648,0.65034965,3.102403091,4662.409341,74,95,89,24.3903816,20.21615747,3.716942398,0.0073,22,0.23963798,0.226232877,0.404813618,1,0.35865814,0.238964695,0.435138356,1,90,132.7916667
KGF_Rep4_SB8_Day9_211_1,Rep4_SB8_211_1,4,8,2,9,211,1,4_8_9_211_1,PI507487,Japan,Tohoku,3,Landrace,D,2,,,,255.8389006,40.35052853,215.4883721,3.168946648,3.197986258,1.685231953,1,17,5.243523316,424.8910814,0.189713831,156.9434942,21.88580583,211.8139535,40.39534884,428.1305435,36.06976744,23.68604651,0.656673114,2.932666306,4413.944767,80,100,98,20.37876893,16.59410492,3.513250406,0.0068,17,0.168528352,0.150368708,0.403580441,0.999785362,0.341819439,0.199875241,0.436706943,0.999839021,90,123.3333333
KGF_Rep4_SB8_Day9_211_2,Rep4_SB8_211_2,4,8,2,9,211,2,4_8_9_211_2,PI507487,Japan,Tohoku,3,Landrace,D,2,,,,323.5222675,41.30133728,282.2209302,5.226313523,3.052096863,1.307463718,1,21,5.053268765,465.5805233,0.17990666,132.3681563,21.2210421,266.9418605,52.8255814,444.3597891,37.37209302,20.8372093,0.557560672,3.718226068,5528.764535,106,109,106,25.04049486,20.35208221,4.338696593,0.0084,21,0.213088665,0.193690725,0.39893138,1,0.335147181,0.181928897,0.43902256,1,90,112.8333333
KGF_Rep5_SB10_Day9_211_1,Rep5_SB10_211_1,5,10,2,9,211,1,5_10_9_211_1,PI507487,Japan,Tohoku,3,Landrace,D,2,,,,257.134037,41.78109582,215.3529412,3.166955017,2.921977693,1.627530314,1,17,4.15583174,358.1249529,,,,204.5647059,49.22352941,357.709481,37.08235294,18.21176471,0.491116751,2.985743945,4150.135294,88,116,111,25.73847751,20.64429066,4.816193772,0.0083,17,0.209230389,0.182561286,0.402219547,1,0.357972136,0.190199394,0.44119799,1,90,117.3333333
KGF_Rep5_SB10_Day9_211_2,Rep5_SB10_211_2,5,10,2,9,211,2,5_10_9_211_2,PI507487,Japan,Tohoku,3,Landrace,D,2,,,,237.5816102,41.39337491,196.1882353,2.229411765,2.527463938,2.125944072,1,15,3.49218573,395.7015412,0.232558833,234.757196,27.13553372,181.3882353,51.94117647,331.2726644,37.08235294,17.18823529,0.463515228,2.745051903,4155.014706,94,118,116,23.20643599,18.14145329,4.774394464,0.0083,15,0.220575064,0.185273072,0.430982517,0.905556436,0.368604802,0.184297717,0.474406807,0.933164236,90,154.2083333
KGF_Rep6_SB11_Day9_211_1,Rep6_SB11_211_1,6,11,1,9,211,1,6_11_9_211_1,PI507487,Japan,Tohoku,3,Landrace,D,2,,,,,,,3.3425,3.212606524,1.144104461,1,13,5.731237323,236.18921,0.307971296,318.5206599,24.94267487,113.02,19.72,268.01865,25.53,20.47,0.801801802,1.3274,2407.68375,42,45,44,20.971425,17.5054,3.2997,0.005,13,0.194051113,0.126574044,0.36847381,1,0.259887695,0.197542318,0.367912946,1,90,46.66666667
KGF_Rep6_SB11_Day9_211_2,Rep6_SB11_211_2,6,11,1,9,211,2,6_11_9_211_2,PI507487,Japan,Tohoku,3,Landrace,D,2,,,,,,,2.059423077,2.859958378,1.722538634,1,11,3.583872065,234.32061,,383.1678823,28.95386037,105.33,29.39,177.02805,27.63,12.57,0.454940282,1.3484,2222.305,48,69,66,18.76965,14.3107,4.3242,0.0076,11,0.172783643,0.14860271,0.383486014,0.99874462,0.326109149,0.214185132,0.398992577,0.99892396,86,83.54166667
KGF_Rep7_SB13_Day9_211_1,Rep7_SB13_211_1,7,13,1,9,211,1,7_13_9_211_1,PI507487,Japan,Tohoku,3,Landrace,D,2,,,,290.0509256,41.32365291,248.7272727,3.109090909,2.788951208,1.935937275,1,19,4.933458735,476.2455909,0.205618706,189.5965771,24.71570129,238.4318182,48.32954545,379.8298037,38.02272727,19.46590909,0.511954573,3.261234504,4782.536932,104,112,112,25.27753745,20.75748967,4.145015496,0.0086,19,0.19926414,0.180144152,0.393044793,0.99955595,0.32794923,0.199382126,0.422074965,0.99955595,90,144.5833333
KGF_Rep7_SB13_Day9_211_2,Rep7_SB13_211_2,7,13,1,9,211,2,7_13_9_211_2,PI507487,Japan,Tohoku,3,Landrace,D,2,,,,253.0829283,37.53747375,215.5454545,2.873939394,2.387574795,1.998003395,1,17.06,5.281062554,389.5566591,0.203388565,153.3439204,22.10960739,210.1022727,39.78409091,300.8370997,34.46590909,16.68181818,0.484009232,2.84258781,4145.386364,106,106,108,21.93236699,18.00658574,3.604080579,0.0094,17.06,0.184338185,0.168686494,0.38493968,0.999348958,0.317703993,0.21327611,0.408998843,0.999348958,90,136.8333333
KGF_Rep1_SB1_Day12_132_1,Rep1_SB1_132_1,1,1,1,12,132,1,1_1_12_132_1,PI430596,China,Fujian,2,Landrace,S,6,10.1,0.174,0.073,325.6185317,56.38853173,269.23,3.496493506,2.85630291,1.36552589,1,18,5.185983827,292.21679,0.212684847,321.0314207,34.79156784,269.36,51.94,496.58335,46.85,15.96,0.340661686,3.213,5168.345,114,129,120,32.313575,26.5586,5.4575,0.0065,18,0.236960332,0.224171358,0.415857541,0.991763391,0.386828052,0.155905956,0.448097701,0.990620337,,
KGF_Rep1_SB1_Day12_132_2,Rep1_SB1_132_2,1,1,1,12,132,2,1_1_12_132_2,PI430596,China,Fujian,2,Landrace,S,6,10.1,0.174,0.073,337.1016688,55.36166881,281.74,3.859452055,3.064560626,1.31860187,2,18,4.004092149,327.36605,0.166643795,233.734572,26.70510835,264.19,65.98,422.2539,43.98,14.59,0.331741701,3.3275,5441.56,110,131,123,29.0896375,23.4518,5.0501,0.0079,9,0.262437497,0.242495896,0.421133764,0.927716509,0.426139298,0.130756284,0.467339916,0.932843357,,
KGF_Rep2_SB3_Day12_132_1,Rep2_SB3_132_1,2,3,1,12,132,1,2_3_12_132_1,PI430596,China,Fujian,2,Landrace,S,6,10.1,0.174,0.102,261.9222355,46.38825493,215.5339806,2.155339806,,2.155718083,3,16,0.636328676,348.6519223,0.277812169,640.5325863,36.54629629,96.38834951,151.4757282,318.0931756,35.65048544,11.68932039,0.32788671,2.499104534,4300.491505,150,153,147,20.22332454,7.144405693,11.84663965,0.0079,5.33,0.344644912,0.223329022,0.435228517,0.729222476,0.437035188,0.194068916,0.524921132,0.763738458,90,184.2916667
KGF_Rep2_SB3_Day12_132_2,Rep2_SB3_132_2,2,3,1,12,132,2,2_3_12_132_2,PI430596,China,Fujian,2,Landrace,S,6,10.1,0.174,0.102,341.5298442,36.35508691,305.1747573,3.590291262,3.162313372,2.338049699,3,23,1.698483427,370.1247087,0.20234684,195.113292,21.32960479,210.9417476,124.1941748,293.0216797,32.25242718,15.37864078,0.476821192,3.278631351,5193.56068,108,151,148,29.48029975,18.31237628,10.57375813,0.0112,7.67,0.279321608,0.227116293,0.435674922,0.700571895,0.396297386,0.205921053,0.516965278,0.740238095,90,155.0833333
KGF_Rep3_SB6_Day12_132_1,Rep3_SB6_132_1,3,6,2,12,132,1,3_6_12_132_1,PI430596,China,Fujian,2,Landrace,S,6,10.1,0.145,0.041,182.4767007,41.66717686,140.8095238,2.235071807,2.943172591,1.511981486,1,11,3.15738699,298.5043929,0.168583132,119.8969958,20.52275677,136.3690476,43.19047619,191.3585601,38.70238095,9.773809524,0.252537681,2.137613379,3047.91369,62,91,84,16.63065122,12.19033447,4.22930839,0.0112,11,0.233955473,0.210879027,0.3646905,0.905802727,0.371759402,0.193929585,0.404921773,0.913372272,90,109.5416667
KGF_Rep3_SB6_Day12_132_2,Rep3_SB6_132_2,3,6,2,12,132,2,3_6_12_132_2,PI430596,China,Fujian,2,Landrace,S,6,10.1,0.145,0.041,192.5456512,32.65279409,159.8928571,1.998660714,2.674245156,2.450020044,1,15,2.110652516,319.0555119,0.177344763,94.97017673,16.800575,127.8452381,60.57142857,174.6731859,30.10714286,11.39285714,0.378410439,2.262471655,3148.040179,72,104,99,14.9044076,9.134778912,5.411848073,0.013,15,0.251363777,0.19781156,0.405355107,0.844419391,0.444057685,0.206255601,0.499027099,0.856194413,90,131.9583333
KGF_Rep4_SB7_Day12_132_1,Rep4_SB7_132_1,4,7,1,12,132,1,4_7_12_132_1,PI430596,China,Fujian,2,Landrace,S,6,10.1,0.174,0.091,330.0394552,47.62085052,282.4186047,2.911532007,2.94678085,2.03692288,1,16,5.158010081,515.215814,0.146647099,94.39145777,20.41567979,273.6744186,53.05813953,410.513318,44.25581395,18.1744186,0.410667367,3.799215792,5355.949128,112,133,133,21.11401433,16.6891563,4.128853434,0.0093,16,0.166639388,0.142892467,0.404884202,0.932148535,0.348498549,0.192151861,0.471089572,0.915244223,90,181.7916667
KGF_Rep4_SB7_Day12_132_2,Rep4_SB7_132_2,4,7,1,12,132,2,4_7_12_132_2,PI430596,China,Fujian,2,Landrace,S,6,10.1,0.174,0.091,253.8898033,47.02933822,206.8604651,2.913527678,3.096217114,1.509695919,1,14,4.514965464,410.2155116,0.144598948,88.55215623,19.90340819,205.2209302,45.45348837,304.7581801,43.80232558,13.06976744,0.298380674,2.914818821,4395.045058,82,99,101,17.87574365,14.07963764,3.530557058,0.0096,14,0.198112915,0.177501714,0.400939346,0.721866353,0.330341294,0.182246143,0.452944298,0.837755373,90,131.5416667
KGF_Rep5_SB9_Day12_132_1_2,Rep5_SB9_132_1,5,9,1,12,132,1,5_9_12_132_1,PI430596,China,Fujian,2,Landrace,S,6,10.1,0.149,0.07,256.5732841,42.66740174,213.9058824,3.14567474,3.054443858,1.593722543,1,13,4.711599576,395.8035882,0.152802155,97.52710229,19.11697177,209.3058824,44.42352941,359.2142561,39.78823529,17.96470588,0.451507983,2.985051903,4384.445588,84,92,88,19.87987889,16.16885813,3.474186851,0.0083,13,0.145261869,0.122506895,0.40684122,1,0.309375435,0.181309879,0.453370832,1,90,128.875
KGF_Rep5_SB9_Day12_132_2_2,Rep5_SB9_132_2,5,9,1,12,132,2,5_9_12_132_2,PI430596,China,Fujian,2,Landrace,S,6,10.1,0.149,0.07,209.9855386,43.13847974,166.8470588,2.317320261,2.560799251,1.669043518,1,11,4.050215208,332.6137412,0.14965408,89.29808624,18.90564803,166.0588235,41,297.2687889,40.21176471,14.50588235,0.360737273,2.435986159,3554.038235,82,102,98,15.83820069,12.26878893,3.365536332,0.0082,11,0.159731016,0.134534773,0.436370209,1,0.327067089,0.181391513,0.483580044,1,90,128.875
KGF_Rep6_SB12_Day12_132_1,Rep6_SB12_132_1,6,12,2,12,132,1,6_12_12_132_1,PI430596,China,Fujian,2,Landrace,S,6,10.1,0.163,0.088,368.5153533,45.24154382,323.2738095,3.078798186,2.595178545,2.320875707,6,16,2.122790888,485.4429643,0.264314308,364.5375041,33.74852346,247.3809524,116.5357143,311.6391723,40.47619048,14.78571429,0.365294118,4.33234127,5631.224702,142,163,154,33.56356293,23.06986961,10.11210317,0.0139,2.67,0.230259346,0.134218097,0.455355204,0.751147344,0.455779513,0.210732441,0.504601366,0.7606671,74,182.7916667
KGF_Rep6_SB12_Day12_132_2,Rep6_SB12_132_2,6,12,2,12,132,2,6_12_12_132_2,PI430596,China,Fujian,2,Landrace,S,6,10.1,0.163,0.088,397.6871813,52.53241941,345.1547619,3.287188209,2.367185603,1.998765737,4,16,2.18450541,497.5402262,0.244666379,397.7441741,36.35494118,269.2142857,123.2380952,381.6916808,47.25,14.11904762,0.298815823,4.672052154,5854.06994,168,168,161,36.4505917,25.52664399,10.5321712,0.0122,4,0.211583256,0.10992919,0.426263948,0.702355942,0.4718238,0.20325801,0.492666525,0.735218127,90,183.2083333
KGF_Rep7_SB14_Day12_132_1,Rep7_SB14_132_1,7,14,2,12,132,1,7_14_12_132_1,PI430596,China,Fujian,2,Landrace,S,6,10.1,0.213,0.121,457.6310574,34.9421685,422.6888889,,,2.089166275,,,0.099852112,455.2787444,0.155590921,124.139161,18.77004648,40.51111111,405.7111111,247.5643827,31.87777778,14.46666667,0.453816661,5.051111111,6384.276389,118,145,141,30.59888889,3.302716049,25.94641975,0.0204,3.44,0.42396568,0.236687635,0.484042889,0.736257634,0.597949619,0.231842097,0.551859971,0.760016811,90,158.125
KGF_Rep7_SB14_Day12_132_2,Rep7_SB14_132_2,7,14,2,12,132,2,7_14_12_132_2,PI430596,China,Fujian,2,Landrace,S,6,10.1,0.213,0.121,,31.50363475,,,,1.714087928,,,0.012372275,512.3905333,0.141184414,132.411149,17.03208639,6.955555556,562.1888889,296.6820988,28.63333333,19.42222222,0.67830811,6.488641975,8001.448611,104,142,131,40.03825617,0.604444444,37.49012346,0.0219,3.83,0.359000827,0.243047688,0.428177017,0.737394715,0.671672265,0.243430152,0.562258098,0.764165417,90,104.5416667
KGF_Rep1_SB1_Day12_159_1,Rep1_SB1_159_1,1,1,1,12,159,1,1_1_12_159_1,PI438139,China,Northeast Chi,2,Landrace,N,2,18.8,0.355,0.12046,365.8947641,45.40476406,320.49,5.087142857,4.355890048,1.387519599,6,18,1.692002693,474.85093,0.193411127,194.4648209,25.77519693,226.17,133.67,884.29935,42.1,33.33,0.791686461,3.6291,6512.7675,84,94,88,41.3328375,25.2434,15.3568,0.0041,3,0.341800566,0.152389884,0.564170012,0.946182047,0.310056911,0.208179998,0.398290544,0.959519573,,
KGF_Rep1_SB1_Day12_159_2,Rep1_SB1_159_2,1,1,1,12,159,2,1_1_12_159_2,PI438139,China,Northeast Chi,2,Landrace,N,2,18.8,0.355,0.12242,409.8516306,62.39163056,347.46,3.818241758,3.359439595,1.458528959,3,20,2.835969142,511.48006,0.213894509,363.9099979,37.20022693,294.09,103.7,987.0642,43.69,33.18,0.75944152,4.0282,7026.09125,122,151,146,40.5645,28.3491,11.1466,0.0041,6.67,0.290116809,0.133424039,0.418725952,0.899910314,0.567504451,0.193050279,0.44839851,0.903987231,,
KGF_Rep2_SB4_Day12_159_1,Rep2_SB4_159_1,2,4,2,12,159,1,2_4_12_159_1,PI438139,China,Northeast Chi,2,Landrace,N,2,18.8,0.275,0.096,483.7586447,38.65184857,,7.948335645,6.718870065,1.448831093,6,,1.65275306,505.6066311,0.183177745,156.3161478,20.33699299,297.5436893,180.0291262,604.5531153,35.33009709,29.19417476,0.826325914,4.664530116,8817.615291,72,98,93,45.42194128,28.041757,16.51437459,0.0077,5.5,0.286057118,0.116644171,0.421938983,0.999408834,0.416957726,0.227245376,0.466176843,0.999493286,90,113.2083333
KGF_Rep2_SB4_Day12_159_2,Rep2_SB4_159_2,2,4,2,12,159,2,2_4_12_159_2,PI438139,China,Northeast Chi,2,Landrace,N,2,18.8,0.275,0.096,246.5992344,44.77399163,201.8252427,4.387505276,5.360852921,1.027382155,1,15,4.452485702,418.5562718,0.159862311,123.6037109,20.68375565,196.5145631,44.13592233,577.1733434,41.12621359,24.22330097,0.588999056,2.359317561,4715.382282,46,72,71,22.19114667,17.18286361,4.567348478,0.0041,15,0.194307117,0.193799723,0.374197806,1,0.250813402,0.219946765,0.379899777,1,90,88.625
KGF_Rep3_SB6_Day12_159_1,Rep3_SB6_159_1,3,6,2,12,159,1,3_6_12_159_1,PI438139,China,Northeast Chi,2,Landrace,N,2,18.8,0.228,0.118,,56.17043047,,2.366642617,3.279785429,,4,25,1.768558673,732.1452738,0.270242028,381.3818236,42.83358555,330.1309524,186.6666667,904.5843254,48.9047619,28.94047619,0.591772152,6.179138322,8513.391369,160,295,272,48.52692744,29.17063492,18.53585601,0.0068,6.25,0.345789595,0.191532055,0.457202051,0.738876935,0.504667145,0.202736511,0.485888395,0.758666048,90,325
KGF_Rep3_SB6_Day12_159_2,Rep3_SB6_159_2,3,6,2,12,159,2,3_6_12_159_2,PI438139,China,Northeast Chi,2,Landrace,N,2,18.8,0.228,0.118,406.5707569,53.61837591,352.952381,1.561736199,4.148681192,,3,22,2.650016359,636.3031905,0.211615515,210.7319221,31.79215185,289.2619048,109.1547619,792.6473214,47.48809524,27.29761905,0.574830785,4.77111678,6845.89881,98,296,271,34.19633999,24.4702381,9.080924036,0.006,7.33,0.242183607,0.189008505,0.490085068,0.747590907,0.556276568,0.206264007,0.531541902,0.762882061,90,385.7916667
KGF_Rep4_SB8_Day12_159_1,Rep4_SB8_159_1,4,8,2,12,159,1,4_8_12_159_1,PI438139,China,Northeast Chi,2,Landrace,N,2,18.8,0.261,0.076,355.8688063,51.31708213,304.5517241,4.289460903,3.868139199,1.383554892,1,20,7.787460454,622.7492414,0.152597678,110.7034743,22.36096745,311.2298851,39.96551724,886.4006474,46.59770115,30.36781609,0.651702023,4.036728762,6786.681034,92,100,99,29.18154644,24.99194081,3.743823491,0.0046,20,0.158698492,0.155754324,0.427254055,0.999671269,0.300375726,0.21835173,0.468992923,0.999753452,90,125.5833333
KGF_Rep4_SB8_Day12_159_2,Rep4_SB8_159_2,4,8,2,12,159,2,4_8_12_159_2,PI438139,China,Northeast Chi,2,Landrace,N,2,18.8,0.261,0.076,276.8035967,49.94152774,226.862069,3.544719828,3.642152588,1.281498642,1,14,5.883526012,406.3454368,0.16391108,134.1393446,24.22002327,233.9885057,39.77011494,626.8551988,46.91954023,23.42528736,0.499265066,3.148236227,5151.87931,76,93,91,22.22876206,18.10833664,3.813978068,0.005,14,0.202754063,0.130440868,0.349072909,0.885235698,0.299847023,0.210368972,0.404762432,0.935338529,90,120.9583333
KGF_Rep5_SB9_Day12_159_1,Rep5_SB9_159_1,5,9,1,12,159,1,5_9_12_159_1,PI438139,China,Northeast Chi,2,Landrace,N,2,18.8,0.287,0.152,394.3882497,44.90589677,349.4823529,6.989647059,6.573137495,1.113439517,2,23,3.109766638,540.8202471,0.153516428,108.3473344,20.30708098,296.3058824,95.28235294,701.0788927,42.08235294,30.2,0.717640481,4.606920415,7116.980882,60,83,77,36.25747405,26.51044983,9.22615917,0.0066,11.5,0.245813855,0.240257275,0.362154322,0.999050279,0.314877095,0.214503653,0.371279837,0.999301676,90,98.25
KGF_Rep5_SB9_Day12_159_2_2,Rep5_SB9_159_2,5,9,1,12,159,2,5_9_12_159_2,PI438139,China,Northeast Chi,2,Landrace,N,2,18.8,0.287,0.152,383.7683516,46.06246922,337.7058824,6.494343891,4.680101848,1.128901704,1,21,3.921649171,615.7905059,0.157104817,126.8758826,21.1649858,303.2588235,77.32941176,670.1835986,42.83529412,28.42352941,0.663553969,4.477508651,6851.754412,82,85,80,33.7216955,26.35044983,6.848581315,0.0067,21,0.258067694,0.110793642,0.440506199,0.999313941,0.320975471,0.199432154,0.396107757,0.999451153,90,97
KGF_Rep6_SB11_Day12_159_1,Rep6_SB11_159_1,6,11,1,12,159,1,6_11_12_159_1,PI438139,China,Northeast Chi,2,Landrace,N,2,18.8,0.255,0.108,324.8645424,49.06221683,275.8023256,3.404966982,3.691642527,1.650964943,3,15,3.151057402,469.8331163,0.227728844,299.6925837,31.387467,242.5581395,76.97674419,711.5120335,43.58139535,28.39534884,0.651547492,3.717144402,5916.553779,88,120,116,34.51908126,25.92212006,8.238642509,0.0052,5,0.316495581,0.126145124,0.460012129,0.755058677,0.415538685,0.197929649,0.45317066,0.765948682,90,154.1666667
KGF_Rep6_SB11_Day12_159_2,Rep6_SB11_159_2,6,11,1,12,159,2,6_11_12_159_2,PI438139,China,Northeast Chi,2,Landrace,N,2,18.8,0.255,0.108,353.470905,48.55230039,304.9186047,5.97879617,4.310620793,1.050413669,1,19,5.025527638,468.478407,0.200561262,217.2753684,27.50380264,290.7209302,57.84883721,726.8850054,43.62790698,28.94186047,0.663379531,4.053136831,6588.143895,82,84,84,35.42857626,29.08612764,5.921849648,0.0056,19,0.191608708,0.083457455,0.380988335,0.889032651,0.320703668,0.228787072,0.401144043,0.935269046,90,110.25
KGF_Rep1_SB2_Day12_172_1,Rep1_SB2_172_1,1,2,2,12,172,1,1_2_12_172_1,PI458506,China,Liaoning,2,Landrace,D,4,19.7,0.281,0.10847,428.1599241,33.15992413,395,4.072164948,5.097141954,,,26,0.513475807,444.6272389,0.190721485,137.0955581,17.69935264,143.3097345,279.0973451,346.6132039,29.4159292,18.07079646,0.614320096,3.756989584,6562.001106,84,130,132,41.13598363,13.52956379,27.06789882,0.0108,1.86,0.718192738,0.1303093,0.430544172,0.754214308,0.548868072,0.159122946,0.473913332,0.820157192,90,185.2916667
KGF_Rep1_SB2_Day12_172_2,Rep1_SB2_172_2,1,2,2,12,172,2,1_2_12_172_2,PI458506,China,Liaoning,2,Landrace,D,4,19.7,0.281,0.10556,322.5723327,51.55463354,271.0176991,3.519710378,3.933808935,1.493561193,4,17,1.485026134,308.4987345,0.233473682,357.7965015,34.17493821,186.0619469,125.2920354,374.7663482,37.32743363,14.20353982,0.380512091,2.810713447,4863.788717,82,132,132,35.41934568,19.4762315,14.92035398,0.0075,4.25,0.396047382,0.100937047,0.5390042,0.881805216,0.613273679,0.179579982,0.461537087,0.891620172,90,131.2916667
KGF_Rep2_SB4_Day12_172_1,Rep2_SB4_172_1,2,4,2,12,172,1,2_4_12_172_1,PI458506,China,Liaoning,2,Landrace,D,4,19.7,0.26,0.094,419.6732582,51.90626793,367.7669903,4.655278358,2.914397627,1.521974188,4,26,2.428336079,492.2611748,0.278198891,,41.33197627,286.2135922,117.8640777,553.2783957,39.77669903,20.10679612,0.505491823,4.029691771,7092.782767,144,194,175,42.55801678,29.40607032,11.55943067,0.0073,6.5,0.400046603,0.275522668,0.404898747,0.986962141,0.433483992,0.184830654,0.473058881,0.981132798,90,143.5416667
KGF_Rep2_SB4_Day12_172_2,Rep2_SB4_172_2,2,4,2,12,172,2,2_4_12_172_2,PI458506,China,Liaoning,2,Landrace,D,4,19.7,0.26,0.094,358.2226838,51.46540227,306.7572816,3.263375336,2.420423539,1.826469742,3,20.98,1.479356832,549.3706602,0.268283123,,39.72786585,204.5533981,138.2718447,503.3700632,40.00970874,17.80582524,0.445037612,3.435856348,6775.950243,148,166,153,29.89434678,17.05005184,11.29852012,0.0068,6.99,0.366360998,0.241060691,0.403643038,0.967855493,0.435492993,0.219377674,0.478190115,0.9458944,90,160.5416667
KGF_Rep3_SB5_Day12_172_1,Rep3_SB5_172_1,3,5,1,12,172,1,3_5_12_172_1,PI458506,China,Liaoning,2,Landrace,D,4,19.7,0.247,0.097,446.6513536,52.12862634,394.5227273,4.753285871,4.060466851,1.592215368,1,26,2.808084772,548.1545341,0.220499395,241.0418809,33.1088328,325.2272727,115.8181818,513.6762655,45.32954545,21.20454545,0.467786413,5.026342975,7454.634943,110,146,140,44.04522856,31.38352273,11.96655475,0.0098,26,0.270263663,0.244074307,0.436889523,0.773435248,0.503065508,0.131047897,0.483836818,0.795028539,90,158.7083333
KGF_Rep3_SB5_Day12_172_2,Rep3_SB5_172_2,3,5,1,12,172,2,3_5_12_172_2,PI458506,China,Liaoning,2,Landrace,D,4,19.7,0.247,0.097,413.2495884,,390.4318182,,,,,31,0.188463697,479.3731705,0.115467274,45.63656232,10.15703193,64.86363636,344.1704545,265.9460873,18.03409091,21.64772727,1.200378072,4.648114669,6882.565341,30,32,33,40.34743027,5.974302686,33.78434917,0.0175,1.19,0.505604806,0.186795346,0.523300658,0.883474576,0.467993341,0.223163842,0.457274011,0.883474576,2,0
KGF_Rep4_SB7_Day12_172_1,Rep4_SB7_172_1,4,7,1,12,172,1,4_7_12_172_1,PI458506,China,Liaoning,2,Landrace,D,4,19.7,0.224,0.092,306.8605381,45.23263112,261.627907,4.219804951,3.653101644,1.370691876,1,17,4.678455196,495.7965581,0.145328304,85.83735038,19.54192964,250.7325581,53.59302326,550.5623986,42.79069767,22.53488372,0.526630435,3.539886425,5698.274709,84,96,97,23.03755408,18.41103299,4.213223364,0.0064,17,0.192637978,0.169347081,0.399339706,0.7646582,0.342039205,0.230974828,0.475782104,0.858686841,90,120.4583333
KGF_Rep4_SB7_Day12_172_2,Rep4_SB7_172_2,4,7,1,12,172,2,4_7_12_172_2,PI458506,China,Liaoning,2,Landrace,D,4,19.7,0.224,0.092,379.7548013,48.045499,331.7093023,,4.631156114,0.79091696,1,22,5.544022617,597.4973837,0.147697501,87.28655654,20.92880092,319.2325581,57.58139535,570.397377,45.10465116,23.18604651,0.514050013,4.381557599,7088.593023,82,91,89,27.45450243,22.12425635,4.78650622,0.0077,22,0.1995382,0.176141092,0.377660272,1,0.314982574,0.216591319,0.413621919,1,66,82.33333333
KGF_Rep5_SB10_Day12_172_1,Rep5_SB10_172_1,5,10,2,12,172,1,5_10_12_172_1,PI458506,China,Liaoning,2,Landrace,D,4,19.7,0.267,0.085,251.73,49.40058822,202.3294118,2.627654698,2.736195652,1.558685894,1,11,3.057329742,468.9589765,0.177895702,137.8925458,25.72801325,186.9647059,61.15294118,416.1738408,46.01176471,17.51764706,0.380721043,2.921937716,4680.707353,92,98,101,17.57638408,12.28318339,4.972041522,0.007,11,0.186597304,0.150634486,0.411016926,0.720192226,0.320844765,0.169972102,0.447682506,0.78316003,66,118.4583333
KGF_Rep5_SB10_Day12_172_2,Rep5_SB10_172_2,5,10,2,12,172,2,5_10_12_172_2,PI458506,China,Liaoning,2,Landrace,D,4,19.7,0.267,0.085,335.0134165,49.37812238,285.6352941,3.245855615,2.93871418,1.78216578,3,16,2.322508266,582.8140706,0.207603124,203.8380542,29.58706305,231.3764706,99.62352941,373.7334256,45.29411765,14.90588235,0.329090909,3.894117647,6141.486765,114,119,119,25.22795848,17.42782007,7.397231834,0.0104,5.33,0.239468248,0.17141914,0.450108066,0.739806948,0.408822454,0.220237497,0.475230591,0.818708896,88,148.0416667
KGF_Rep6_SB11_Day12_172_1,Rep6_SB11_172_1,6,11,1,12,172,1,6_11_12_172_1,PI458506,China,Liaoning,2,Landrace,D,4,19.7,0.272,0.098,333.4689201,41.27124567,292.1976744,4.712865716,4.763841715,1.502256571,1,22,5.919425511,535.6746744,0.186543943,149.1837051,22.46051849,282.755814,47.76744186,553.3528259,38.25581395,24.52325581,0.641033435,3.843293672,6254.574128,70,90,86,32.27349243,27.4736344,4.393861547,0.0069,22,0.156186774,0.147609622,0.383411393,0.877015906,0.357464822,0.212989456,0.422761473,0.913669502,90,106.8333333
KGF_Rep6_SB11_Day12_172_2,Rep6_SB11_172_2,6,11,1,12,172,2,6_11_12_172_2,PI458506,China,Liaoning,2,Landrace,D,4,19.7,0.272,0.098,200.3449201,39.92631547,160.4186047,2.916701903,2.63611737,1.37753758,1,13,3.634803922,347.7871977,0.152522928,78.62753117,17.9575407,155.1976744,42.69767442,372.3972418,37.39534884,19.18604651,0.513059701,2.301108707,3791.53343,76,79,76,16.44137034,12.58166577,3.604380746,0.0062,13,0.233776069,0.142704951,0.401834066,0.999689248,0.347364258,0.226669695,0.415268283,0.999689248,90,82.875
KGF_Rep7_SB13_Day12_172_1,Rep7_SB13_172_1,7,13,1,12,172,1,7_13_12_172_1,PI458506,China,Liaoning,2,Landrace,D,4,19.7,0.28,0.141,500.3525693,47.69701377,452.6555556,4.572278339,4.169604744,2.07560164,2,29,0.688713569,,0.123916381,61.85640795,17.21980625,199.8111111,290.1222222,653.5626543,42.87777778,27.33333333,0.637470847,5.520987654,8989.419444,120,155,141,30.21623457,12.14506173,16.78876543,0.0084,14.5,0.335131937,0.197383849,0.442375577,0.750020396,0.446470036,0.226660125,0.478966842,0.771803341,88,167.9166667
KGF_Rep7_SB13_Day12_172_2,Rep7_SB13_172_2,7,13,1,12,172,2,7_13_12_172_2,PI458506,China,Liaoning,2,Landrace,D,4,19.7,0.28,0.141,494.2697827,45.49200496,448.7777778,5.540466392,5.043569212,1.780532647,1,31,0.628974868,692.4112889,0.132448867,66.0265813,17.65652642,186.5888889,296.6555556,565.4947531,42.4,23.97777778,0.565513627,5.457901235,7973.481944,98,161,130,31.39503086,12.08345679,17.89555556,0.0097,31,0.404892836,0.291342539,0.436175803,0.761662886,0.485929837,0.293130539,0.482537183,0.775186978,90,136.25
KGF_Rep1_SB1_Day12_198_1,Rep1_SB1_198_1,1,1,1,12,198,1,1_1_12_198_1,PI479713,China,Jilin,2,Landrace,N,6,19.2,0.242,0.10803,444.5400454,59.26004543,385.28,3.600747664,,1.805601046,6,20,1.450726794,548.18206,0.335928611,,,253.5,174.74,735.6811,44.53,22.62,0.507972154,4.3907,7559.25125,176,171,169,33.8092625,19.7071,12.5296,0.006,3.33,0.463668944,0.236770645,0.513670831,0.736954411,0.526475047,0.194938922,0.509435155,0.769391717,,
KGF_Rep1_SB1_Day12_198_2,Rep1_SB1_198_2,1,1,1,12,198,2,1_1_12_198_2,PI479713,China,Jilin,2,Landrace,N,6,19.2,0.242,0.1116,427.2266226,46.47662264,380.75,5.518115942,5.210080764,1.484617343,3,23,1.890506373,623.46313,0.186351921,194.6303828,24.98665717,271.42,143.57,876.16735,44.34,31.82,0.717636446,4.2343,7939.3625,82,105,106,38.7351,25.2202,12.1104,0.0048,7.67,0.310679955,0.206283499,0.439308982,0.976091811,0.429658812,0.209061278,0.439723004,0.795978033,,
KGF_Rep2_SB3_Day12_198_1,Rep2_SB3_198_1,2,3,1,12,198,1,2_3_12_198_1,PI479713,China,Jilin,2,Landrace,N,6,19.2,0.368,0.191,571.4777525,50.53600497,520.9417476,4.167533981,3.174876403,2.473484006,3,38.58,3.07853927,577.2468932,0.230349641,370.984292,33.46422481,418.2330097,135.8543689,719.2142992,39.18446602,25.58252427,0.652874133,5.506645301,8967.23665,180,210,181,41.72437317,28.63163352,11.79988689,0.0077,12.86,0.406514422,0.220678585,0.498217728,0.962801075,0.583368127,0.225569165,0.441453868,0.947497571,90,238.875
KGF_Rep2_SB3_Day12_198_2,Rep2_SB3_198_2,2,3,1,12,198,2,2_3_12_198_2,PI479713,China,Jilin,2,Landrace,N,6,19.2,0.368,0.191,718.2416194,46.29016305,671.9514563,3.671865881,,3.953323729,1,50,7.185421565,661.5183689,0.153377721,120.0692341,19.65294369,623.038835,86.70873786,709.8278349,40.15533981,28.14563107,0.700918762,6.919785088,9740.341019,102,273,243,47.54273494,40.78263738,5.857950796,0.0097,50,0.163418311,0.145270254,0.415350216,0.823731486,0.532994949,0.205859553,0.487712687,0.81599206,90,349.5
KGF_Rep3_SB5_Day12_198_1,Rep3_SB5_198_1,3,5,1,12,198,1,3_5_12_198_1,PI479713,China,Jilin,2,Landrace,N,6,19.2,0.272,0.12,527.1731585,55.10497669,472.0681818,3.966959511,4.544596194,2.159514569,1,29,3.249117592,533.1460568,0.188404043,186.1808456,29.67514992,397.5,122.3409091,780.7262397,49.04545455,30.51136364,0.6221038,5.934142562,8234.785511,116,187,164,46.32654313,34.07037707,11.36169938,0.0076,29,0.289706315,0.159964151,0.377218018,0.733274685,0.482726424,0.238809828,0.489992518,0.757477219,90,224.875
KGF_Rep3_SB5_Day12_198_2,Rep3_SB5_198_2,3,5,1,12,198,2,3_5_12_198_2,PI479713,China,Jilin,2,Landrace,N,6,19.2,0.272,0.12,527.2613341,56.72724319,470.5340909,2.585352148,4.707690483,3.208335004,2,27,3.464031235,425.5482159,0.225339947,304.9023379,36.08815311,403.2840909,116.4204545,733.0461648,49.02272727,26.70454545,0.544738062,5.926265496,7283.732955,112,301,255,48.66441761,35.20441632,12.63403926,0.0081,13.5,0.311364152,0.174199092,0.427660925,0.73950161,0.525866083,0.207095818,0.508104466,0.757491658,90,319.7083333
KGF_Rep4_SB8_Day12_198_1,Rep4_SB8_198_1,4,8,2,12,198,1,4_8_12_198_1,PI479713,China,Jilin,2,Landrace,N,6,19.2,0.303,0.124,360.4772188,,333.4367816,11.49782006,,1.072467867,,30,1.8720984,664.2964828,0.274761831,388.9059479,26.43146542,232.6781609,124.2873563,393.8242172,20.24137931,28.65517241,1.415672913,4.103051922,7058.762931,44,38,35,24.27706764,15.47839873,8.334522394,0.0104,1.94,0.081380629,0.079405816,0.418978002,0.708380521,0.269867614,0.107092299,0.42690209,0.708380521,2,0
KGF_Rep4_SB8_Day12_198_2,Rep4_SB8_198_2,4,8,2,12,198,2,4_8_12_198_2,PI479713,China,Jilin,2,Landrace,N,6,19.2,0.303,0.124,509.8967541,55.95422532,453.9425287,7.826595323,6.218253098,1.036561576,1,26,5.330405989,660.1207816,0.158737737,145.0976672,25.66816923,425.5747126,79.83908046,911.5316422,50.56321839,29.47126437,0.582859741,5.809353944,9027.74569,82,96,91,37.00530123,28.86656097,7.587395957,0.0064,26,0.209148239,0.20561781,0.365163482,0.999432076,0.305711354,0.223061487,0.385097683,0.999545661,86,103.5833333
KGF_Rep5_SB9_Day12_198_1_2,Rep5_SB9_198_1,5,9,1,12,198,1,5_9_12_198_1,PI479713,China,Jilin,2,Landrace,N,6,19.2,0.291,0.18,453.3609108,45.8079696,407.5529412,7.410053476,4.533609108,1.200664436,1,28,4.638294734,733.7233059,0.172840878,133.7509701,23.00385021,369.9176471,79.75294118,718.6912803,42.34117647,29.78823529,0.703528758,5.293148789,8271.910294,100,105,97,41.15129758,34.08581315,6.477370242,0.0074,28,0.234680656,0.181993437,0.360800907,1,0.321590909,0.204305352,0.413750204,1,78,93.75
KGF_Rep5_SB9_Day12_198_2_2,Rep5_SB9_198_2,5,9,1,12,198,2,5_9_12_198_2,PI479713,China,Jilin,2,Landrace,N,6,19.2,0.291,0.18,412.6461777,45.43441302,367.2117647,4.831733746,4.210675283,1.672740879,2,25,3.836831133,587.2852588,0.182328411,171.5355245,24.23961579,324.7764706,84.64705882,649.6380623,42.29411765,28,0.662030598,4.81799308,7332.245588,98,127,125,34.93143599,27.84692042,6.55100346,0.0074,12.5,0.265460187,0.240321943,0.407472929,0.820776342,0.411653615,0.22250957,0.491452528,0.890366676,90,149.2083333
KGF_Rep6_SB12_Day12_198_1,Rep6_SB12_198_1,6,12,2,12,198,1,6_12_12_198_1,PI479713,China,Jilin,2,Landrace,N,6,19.2,0.312,0.149,836.0036436,57.46792926,778.5357143,6.597760291,4.593426613,2.053319156,5,39,4.082117853,930.2727381,0.289822247,629.5429326,46.48987224,666.3571429,163.2380952,844.5979308,50.47619048,29.13095238,0.577122641,9.876133787,13227.4494,182,209,191,72.32281037,57.52777778,13.89044785,0.0117,7.8,0.214272455,0.155521251,0.470697288,0.720043837,0.485070788,0.186470588,0.481862413,0.760880455,90,224.875
KGF_Rep6_SB12_Day12_198_2,Rep6_SB12_198_2,6,12,2,12,198,2,6_12_12_198_2,PI479713,China,Jilin,2,Landrace,N,6,19.2,0.312,0.149,676.1900098,56.66620024,619.5238095,5.078064012,4.334551345,2.152958897,4,26.14,3.439278115,765.4095714,0.262698413,432.1782513,42.14881096,519.5357143,151.0595238,766.2637472,50.53571429,27.57142857,0.545583039,7.983276644,10554.03423,156,187,176,59.04620181,45.22406463,13.05342971,0.0104,6.53,0.207939469,0.144043202,0.443105155,0.718606312,0.481379146,0.182742618,0.499969171,0.752170506,90,227.75
KGF_Rep7_SB14_Day12_198_1,Rep7_SB14_198_1,7,14,2,12,198,1,7_14_12_198_1,PI479713,China,Jilin,2,Landrace,N,6,19.2,0.259,0.155,708.1851363,50.6184696,657.5666667,4.696904762,3.934361868,2.765788873,7,36,0.789804549,786.8910333,0.219896765,312.5017843,32.05432919,307.1111111,388.8444444,791.3916667,46.45555556,30.74444444,0.661803396,7.821851852,10881.11389,180,228,211,50.9991358,24.35938272,25.1882716,0.0099,5.14,0.412017901,0.31254634,0.419907559,0.734695515,0.57844785,0.234805618,0.508299354,0.762577947,90,287.4166667
KGF_Rep7_SB14_Day12_198_2,Rep7_SB14_198_2,7,14,2,12,198,2,7_14_12_198_2,PI479713,China,Jilin,2,Landrace,N,6,19.2,0.259,0.155,740.9001956,48.88908448,692.0111111,7.440979689,4.630626222,1.902265117,4,45,0.455819853,608.0100444,0.188221114,201.7392145,26.34632684,227.6111111,499.3444444,678.9025926,44.53333333,27.51111111,0.617764471,8.184074074,10563.64444,160,194,180,52.67615741,16.52604938,34.44925926,0.0121,11.25,0.378856522,0.314131452,0.361092227,0.75035873,0.59630543,0.252995868,0.505781562,0.776214626,90,178.0833333
KGF_Rep1_SB2_Day12_211_2,Rep1_SB2_211_2,1,2,2,12,211,2,1_2_12_211_2,PI507487,Japan,Tohoku,3,Landrace,D,2,34.5,0.461,0.156,450.1063536,56.33644214,393.7699115,3.977473854,3.309605542,1.757299472,6,23,2.053241447,431.7593894,,,,297.9380531,145.1061947,599.7078471,40.49557522,25.32743363,0.625437063,3.920745556,6004.017699,136,145,144,77.60090845,57.28216775,19.98300572,0.0065,3.83,0.315242338,0.113214684,0.428496076,0.772984214,0.606078181,0.186102653,0.494794221,0.830604404,90,198.1666667
KGF_Rep2_SB4_Day12_211_1,Rep2_SB4_211_1,2,4,2,12,211,1,2_4_12_211_1,PI507487,Japan,Tohoku,3,Landrace,D,2,34.5,0.508,0.159,451.5331673,50.56229351,400.9708738,3.931086998,3.271979473,2.017313554,4,31,1.95567667,529.7374951,0.233713937,342.1089719,33.11894278,289.1553398,147.8543689,508.3946178,37.86407767,20.67961165,0.546153846,4.330851164,7377.211165,138,163,158,40.40615279,27.38514469,11.41493072,0.0085,7.75,0.276982224,0.2072814,0.415020214,0.780606087,0.518947403,0.179481076,0.496504061,0.816329445,90,216.9166667
KGF_Rep2_SB4_Day12_211_2,Rep2_SB4_211_2,2,4,2,12,211,2,2_4_12_211_2,PI507487,Japan,Tohoku,3,Landrace,D,2,34.5,0.508,0.159,569.6434827,55.95416226,513.6893204,3.25119823,2.936306612,2.82373989,5,34,2.498376623,479.141068,0.218904704,338.4378333,34.38547043,388.4854369,155.4951456,514.4626261,40.01941748,21.06796117,0.526443474,5.472711848,7868.843447,194,303,272,45.62629607,31.89244981,12.07701009,0.0106,6.8,0.317653358,0.13734512,0.407785067,0.85275701,0.662647889,0.229171328,0.505407623,0.884608023,90,294.7916667
KGF_Rep3_SB5_Day12_211_1,Rep3_SB5_211_1,3,5,1,12,211,1,3_5_12_211_1,PI507487,Japan,Tohoku,3,Landrace,D,2,34.5,0.546,0.172,668.7701364,55.63377277,613.1363636,,,1.725570552,2,35,3.914169972,750.5833636,0.248940459,361.9291005,39.17457317,527.0340909,134.6477273,741.9245222,49.73863636,28.03409091,0.563628056,7.536673554,10115.56676,136,202,183,69.34047327,53.9378874,14.40508781,0.0102,17.5,0.246188602,0.213901324,0.427405738,0.742986203,0.4528212,0.19183846,0.509420319,0.776687078,90,200.375
KGF_Rep3_SB5_Day12_211_2,Rep3_SB5_211_2,3,5,1,12,211,2,3_5_12_211_2,PI507487,Japan,Tohoku,3,Landrace,D,2,34.5,0.546,0.172,663.3984004,55.43249129,607.9659091,,,1.713796328,2,33,4.827506297,684.8210114,0.242326185,321.7785606,38.76524117,544.4659091,112.7840909,819.7585227,50.73863636,30.51136364,0.601343785,7.487345041,9751.99858,130,174,170,71.69444086,58.27789256,12.51459194,0.0091,16.5,0.172434772,0.13555876,0.434939258,0.733654777,0.423104603,0.212446684,0.496774935,0.817611424,90,198.4166667
KGF_Rep4_SB8_Day12_211_1,Rep4_SB8_211_1,4,8,2,12,211,1,4_8_12_211_1,PI507487,Japan,Tohoku,3,Landrace,D,2,34.5,0.43,0.134,440.2918072,56.95847388,383.3333333,2.971576227,3.01569731,2.264807872,2,17,3.459733522,590.4747241,0.213017569,258.8138579,34.40685224,337.2643678,97.48275862,732.8641829,49.34482759,26.85057471,0.544141626,4.997093407,6915.114943,146,187,178,36.1461884,27.42555159,8.275597833,0.0068,8.5,0.16695308,0.106915471,0.468559737,0.811179065,0.422828059,0.214408932,0.47863237,0.847555297,90,212.125
KGF_Rep4_SB8_Day12_211_2,Rep4_SB8_211_2,4,8,2,12,211,2,4_8_12_211_2,PI507487,Japan,Tohoku,3,Landrace,D,2,34.5,0.43,0.134,543.9368388,59.81040203,484.1264368,4.24672313,2.862825467,1.906022968,3,22,3.290422999,685.5215402,0.202811376,270.2712907,34.72105301,413.0804598,125.5402299,750.8320782,54.03448276,25.26436782,0.467560094,6.19104241,8383.488506,190,198,188,42.10656956,31.40031708,10.16831814,0.0082,7.33,0.196522484,0.134965478,0.464390482,0.692590842,0.405009552,0.17559966,0.522756298,0.728507748,90,212.1666667
KGF_Rep5_SB10_Day12_211_1,Rep5_SB10_211_1,5,10,2,12,211,1,5_10_12_211_1,PI507487,Japan,Tohoku,3,Landrace,D,2,34.5,0.545,0.121,511.9907478,52.02604191,459.9647059,3.309098603,2.782558412,2.6717389,7,23,1.556973294,763.5022824,0.265857703,,39.39274553,308.6470588,198.2352941,533.59391,45.94117647,21.34117647,0.46453265,5.966228374,8379.677941,184,190,189,37.16321799,25.10532872,11.54809689,0.0112,3.29,0.301263284,0.173110356,0.495231074,0.710084672,0.477756607,0.220083097,0.494712619,0.73860033,90,259.7083333
KGF_Rep5_SB10_Day12_211_2,Rep5_SB10_211_2,5,10,2,12,211,2,5_10_12_211_2,PI507487,Japan,Tohoku,3,Landrace,D,2,34.5,0.545,0.121,447.9342543,51.33425428,396.6,3.050769231,2.871373425,2.532422099,5,21,1.65160926,671.0212353,0.22571032,290.1890221,32.17599629,275.2941176,166.6823529,538.1084429,45.29411765,19.67058824,0.434285714,5.199723183,7646.688235,156,180,180,32.13750865,21.5017301,10.15155709,0.0097,4.2,0.271439636,0.135710648,0.495343482,0.735389829,0.479369359,0.203168552,0.505014711,0.75927278,90,234.875
KGF_Rep6_SB11_Day12_211_1,Rep6_SB11_211_1,6,11,1,12,211,1,6_11_12_211_1,PI507487,Japan,Tohoku,3,Landrace,D,2,34.5,0.509,0.156,287.9967918,,246.6860465,3.627735978,2.938742774,1.646060837,1,18,6.221992925,433.1193605,0.223686635,203.4854502,26.81822523,245.4069767,39.44186047,526.3535019,37.72093023,24.63953488,0.653205919,3.312195782,4640.670058,98,108,98,31.61171579,27.055841,4.240265008,0.0063,18,0.235792765,0.166380793,0.396533779,1,0.276403537,0.18498665,0.403382918,1,90,104.0833333
KGF_Rep6_SB11_Day12_211_2,Rep6_SB11_211_2,6,11,1,12,211,2,6_11_12_211_2,PI507487,Japan,Tohoku,3,Landrace,D,2,34.5,0.509,0.156,289.7290907,44.90350933,244.8255814,3.548196832,3.292376031,1.536628229,1,18,6.287577824,376.8161279,0.267723948,413.0390464,34.67008301,246.6046512,39.22093023,400.2688615,41.09302326,18.86046512,0.458970006,3.326122228,4324.145349,88,122,114,31.55562128,27.09004867,4.168334235,0.0083,18,0.176639722,0.165557539,0.385710339,0.733176894,0.339355399,0.200707069,0.424958649,0.85444102,90,126.8333333
KGF_Rep7_SB13_Day12_211_1,Rep7_SB13_211_1,7,13,1,12,211,1,7_13_12_211_1,PI507487,Japan,Tohoku,3,Landrace,D,2,34.5,0.452,0.224,596.9510133,50.69545773,546.2555556,4.076533997,3.109119861,2.643234838,6,30,1.119842355,784.8269556,0.165848931,153.1195776,24.22788497,309.4,276.2888889,627.9190123,46.16666667,26.7,0.57833935,6.58617284,9164.406944,192,230,217,36.85967593,20.16592593,15.56135802,0.0105,5,0.303783964,0.194494869,0.486321231,0.733008129,0.516553596,0.206331514,0.484186695,0.772949002,90,254.9166667
KGF_Rep7_SB13_Day12_211_2,Rep7_SB13_211_2,7,13,1,12,211,2,7_13_12_211_2,PI507487,Japan,Tohoku,3,Landrace,D,2,34.5,0.452,0.224,577.2619328,47.4619328,529.8,4.860550459,2.886309664,2.296577353,5,29,0.905752295,656.7019667,0.16632849,128.739655,22.50970529,268.5555556,296.5,564.8897531,42.95555556,24.54444444,0.571391619,6.365308642,8602.040278,200,200,194,34.3512963,16.72037037,16.38320988,0.0113,5.8,0.375996958,0.303362711,0.421418134,0.734366799,0.543494333,0.271238262,0.475675184,0.783288157,90,219.1666667
